file,n,peak,peak_val_g,pre,post,complex_span,fits128,energy_frac128
F01_SA01_R01.txt,1500,712,13.796,17,43,60,1,1.0000
F01_SA01_R02.txt,1500,728,18.996,19,54,73,1,1.0000
F01_SA01_R03.txt,1500,861,17.738,25,48,73,1,1.0000
F01_SA01_R04.txt,1500,706,6.989,24,58,82,1,1.0000
F01_SA01_R05.txt,1500,749,6.787,22,56,78,1,1.0000
F02_SA01_R01.txt,1500,758,4.077,61,27,88,1,1.0000
F02_SA01_R02.txt,1500,1005,8.541,16,39,55,1,1.0000
F02_SA01_R03.txt,1500,743,7.766,21,23,44,1,1.0000
F02_SA01_R04.txt,1500,839,14.669,30,53,83,1,1.0000
F02_SA01_R05.txt,1500,960,9.149,25,50,75,1,1.0000
F03_SA01_R01.txt,1500,714,4.253,38,33,71,1,1.0000
F03_SA01_R02.txt,1500,794,6.766,33,22,55,1,1.0000
F03_SA01_R03.txt,1500,916,4.282,41,37,78,1,1.0000
F03_SA01_R04.txt,1500,817,3.073,45,49,94,1,1.0000
F03_SA01_R05.txt,1500,782,4.051,11,28,39,1,1.0000
F04_SA01_R01.txt,1500,754,5.585,18,46,64,1,1.0000
F04_SA01_R02.txt,1500,871,4.495,27,68,95,0,0.9766
F04_SA01_R03.txt,1500,791,6.238,15,36,51,1,1.0000
F04_SA01_R04.txt,1500,775,4.828,20,65,85,0,0.9990
F04_SA01_R05.txt,1500,856,4.634,39,22,61,1,1.0000
F05_SA01_R01.txt,1500,585,8.379,31,56,87,1,1.0000
F05_SA01_R02.txt,1500,705,7.555,19,41,60,1,1.0000
F05_SA01_R03.txt,1500,711,6.590,15,44,59,1,1.0000
F05_SA01_R04.txt,1500,709,7.608,22,54,76,1,1.0000
F05_SA01_R05.txt,1500,706,10.507,32,57,89,1,1.0000
F06_SA01_R01.txt,1500,773,4.959,11,47,58,1,1.0000
F06_SA01_R02.txt,1500,765,6.192,34,40,74,1,1.0000
F06_SA01_R03.txt,1500,874,4.619,13,55,68,1,1.0000
F06_SA01_R04.txt,1500,788,5.945,31,58,89,1,1.0000
F06_SA01_R05.txt,1500,938,5.227,23,49,72,1,1.0000
F07_SA01_R01.txt,1500,772,6.473,24,45,69,1,1.0000
F07_SA01_R02.txt,1500,982,6.741,23,47,70,1,1.0000
F07_SA01_R03.txt,1500,1044,3.298,20,44,64,1,1.0000
F07_SA01_R04.txt,1500,930,4.051,18,53,71,1,1.0000
F07_SA01_R05.txt,1500,845,2.853,36,46,82,1,1.0000
F08_SA01_R01.txt,1500,609,6.925,24,23,47,1,1.0000
F08_SA01_R02.txt,1500,602,4.581,28,39,67,1,1.0000
F08_SA01_R03.txt,1500,729,3.776,33,10,43,1,1.0000
F08_SA01_R04.txt,1500,764,3.831,26,42,68,1,1.0000
F08_SA01_R05.txt,1500,815,2.489,38,31,69,1,1.0000
F09_SA01_R01.txt,1500,616,4.322,44,26,70,1,1.0000
F09_SA01_R02.txt,1500,912,6.184,27,56,83,1,1.0000
F09_SA01_R03.txt,1500,765,3.244,36,23,59,1,1.0000
F09_SA01_R04.txt,1500,985,6.236,34,44,78,1,1.0000
F09_SA01_R05.txt,1500,798,4.243,34,26,60,1,1.0000
F10_SA01_R01.txt,1500,465,2.676,31,39,70,1,1.0000
F10_SA01_R02.txt,1500,868,3.024,42,24,66,1,1.0000
F10_SA01_R03.txt,1500,809,7.047,34,33,67,1,1.0000
F10_SA01_R04.txt,1500,782,3.841,23,43,66,1,1.0000
F10_SA01_R05.txt,1500,742,2.014,54,33,87,1,1.0000
F11_SA01_R01.txt,1500,743,3.976,25,68,93,0,0.9949
F11_SA01_R02.txt,1500,591,3.995,21,15,36,1,1.0000
F11_SA01_R03.txt,1500,846,2.951,43,5,48,1,1.0000
F11_SA01_R04.txt,1500,613,2.792,26,69,95,0,0.9766
F11_SA01_R05.txt,1500,700,4.763,24,35,59,1,1.0000
F12_SA01_R01.txt,1500,566,6.677,37,27,64,1,1.0000
F12_SA01_R02.txt,1500,726,3.948,22,45,67,1,1.0000
F12_SA01_R03.txt,1500,563,8.150,31,65,96,0,0.9982
F12_SA01_R04.txt,1500,604,6.286,35,68,103,0,0.9941
F12_SA01_R05.txt,1500,643,6.170,46,68,114,0,0.9907
F13_SA01_R01.txt,1500,533,3.742,9,13,22,1,1.0000
F13_SA01_R02.txt,1500,652,2.075,7,63,70,1,1.0000
F13_SA01_R03.txt,1500,647,2.946,12,47,59,1,1.0000
F13_SA01_R04.txt,1500,694,2.918,20,21,41,1,1.0000
F13_SA01_R05.txt,1500,812,3.501,64,42,106,1,1.0000
F14_SA01_R01.txt,1500,690,6.127,9,20,29,1,1.0000
F14_SA01_R02.txt,1500,615,6.717,8,24,32,1,1.0000
F14_SA01_R03.txt,1500,832,7.022,17,43,60,1,1.0000
F14_SA01_R04.txt,1500,917,4.570,17,35,52,1,1.0000
F14_SA01_R05.txt,1500,853,5.473,8,39,47,1,1.0000
F15_SA01_R01.txt,1500,687,2.787,29,32,61,1,1.0000
F15_SA01_R02.txt,1500,771,4.147,23,27,50,1,1.0000
F15_SA01_R03.txt,1500,751,3.857,15,16,31,1,1.0000
F15_SA01_R04.txt,1500,767,3.779,17,20,37,1,1.0000
F15_SA01_R05.txt,1500,511,15.831,13,27,40,1,1.0000
F01_SA02_R01.txt,1500,937,10.828,16,25,41,1,1.0000
F01_SA02_R02.txt,1500,954,8.218,62,41,103,1,1.0000
F01_SA02_R03.txt,1500,1005,9.418,18,16,34,1,1.0000
F01_SA02_R04.txt,1500,1093,5.907,67,41,108,0,0.9894
F01_SA02_R05.txt,1500,971,7.611,22,13,35,1,1.0000
F02_SA02_R01.txt,1500,1026,8.056,32,22,54,1,1.0000
F02_SA02_R02.txt,1500,1094,9.991,26,31,57,1,1.0000
F02_SA02_R03.txt,1500,1191,10.880,26,35,61,1,1.0000
F02_SA02_R04.txt,1500,860,9.745,11,39,50,1,1.0000
F02_SA02_R05.txt,1500,894,7.223,26,32,58,1,1.0000
F03_SA02_R01.txt,1500,748,3.681,62,31,93,1,1.0000
F03_SA02_R02.txt,1500,683,3.481,21,37,58,1,1.0000
F03_SA02_R03.txt,1500,739,3.423,43,31,74,1,1.0000
F03_SA02_R04.txt,1501,775,4.023,60,39,99,1,1.0000
F03_SA02_R05.txt,1500,723,5.202,25,49,74,1,1.0000
F04_SA02_R01.txt,1500,699,6.482,28,46,74,1,1.0000
F04_SA02_R02.txt,1500,942,13.816,56,38,94,1,1.0000
F04_SA02_R03.txt,1500,802,7.552,21,83,104,0,0.9884
F04_SA02_R04.txt,1500,764,6.218,5,37,42,1,1.0000
F04_SA02_R05.txt,1500,768,4.803,36,28,64,1,1.0000
F05_SA02_R01.txt,1500,531,5.319,50,408,458,0,0.3715
F05_SA02_R02.txt,1500,631,7.428,69,37,106,0,0.9962
F05_SA02_R03.txt,1500,781,9.682,68,46,114,0,0.9938
F05_SA02_R04.txt,1500,686,6.264,63,44,107,1,1.0000
F05_SA02_R05.txt,1500,644,6.118,67,34,101,0,0.9923
F06_SA02_R01.txt,1500,798,4.060,26,61,87,1,1.0000
F06_SA02_R02.txt,1500,1085,5.413,24,32,56,1,1.0000
F06_SA02_R03.txt,1500,1065,4.302,29,44,73,1,1.0000
F06_SA02_R04.txt,1500,1049,5.407,36,44,80,1,1.0000
F06_SA02_R05.txt,1500,983,3.162,30,44,74,1,1.0000
F07_SA02_R01.txt,1500,1003,4.077,57,21,78,1,1.0000
F07_SA02_R02.txt,1500,1013,7.071,18,22,40,1,1.0000
F07_SA02_R03.txt,1500,992,4.772,32,36,68,1,1.0000
F07_SA02_R04.txt,1500,956,4.997,33,26,59,1,1.0000
F07_SA02_R05.txt,1500,958,5.559,4,40,44,1,1.0000
F08_SA02_R01.txt,1500,724,4.107,12,34,46,1,1.0000
F08_SA02_R02.txt,1500,681,3.670,13,14,27,1,1.0000
F08_SA02_R03.txt,1500,685,3.612,26,88,114,0,0.6395
F08_SA02_R04.txt,1500,674,3.585,9,11,20,1,1.0000
F08_SA02_R05.txt,1500,810,3.107,28,10,38,1,1.0000
F09_SA02_R01.txt,1500,866,3.066,10,52,62,1,1.0000
F09_SA02_R02.txt,1500,766,6.681,17,31,48,1,1.0000
F09_SA02_R03.txt,1500,915,6.734,25,32,57,1,1.0000
F09_SA02_R04.txt,1500,676,6.238,23,36,59,1,1.0000
F09_SA02_R05.txt,1500,930,5.507,37,46,83,1,1.0000
F10_SA02_R01.txt,1500,1027,4.311,12,35,47,1,1.0000
F10_SA02_R02.txt,1500,480,2.983,19,52,71,1,1.0000
F10_SA02_R03.txt,1500,777,2.759,25,14,39,1,1.0000
F10_SA02_R04.txt,1500,807,4.209,51,16,67,1,1.0000
F10_SA02_R05.txt,1500,834,4.757,24,26,50,1,1.0000
F11_SA02_R01.txt,1500,680,4.538,51,38,89,1,1.0000
F11_SA02_R02.txt,1500,762,3.222,48,49,97,1,1.0000
F11_SA02_R03.txt,1500,888,5.157,36,34,70,1,1.0000
F11_SA02_R04.txt,1500,893,7.288,37,16,53,1,1.0000
F11_SA02_R05.txt,1500,911,5.090,25,22,47,1,1.0000
F12_SA02_R01.txt,1500,592,4.647,15,40,55,1,1.0000
F12_SA02_R02.txt,1500,727,5.533,33,39,72,1,1.0000
F12_SA02_R03.txt,1500,639,8.694,54,43,97,1,1.0000
F12_SA02_R04.txt,1500,964,5.510,25,51,76,1,1.0000
F12_SA02_R05.txt,1500,600,5.477,20,52,72,1,1.0000
F13_SA02_R01.txt,1500,899,2.353,17,11,28,1,1.0000
F13_SA02_R02.txt,1500,865,3.799,60,21,81,1,1.0000
F13_SA02_R03.txt,1500,790,4.665,35,18,53,1,1.0000
F13_SA02_R04.txt,1500,853,4.102,44,32,76,1,1.0000
F13_SA02_R05.txt,1500,963,3.636,41,18,59,1,1.0000
F14_SA02_R01.txt,1500,949,6.882,7,29,36,1,1.0000
F14_SA02_R02.txt,1500,770,3.873,26,22,48,1,1.0000
F14_SA02_R03.txt,1500,565,5.295,8,35,43,1,1.0000
F14_SA02_R04.txt,1500,756,5.558,13,26,39,1,1.0000
F14_SA02_R05.txt,1500,740,8.993,9,28,37,1,1.0000
F15_SA02_R01.txt,1500,600,4.469,11,18,29,1,1.0000
F15_SA02_R02.txt,1500,897,4.393,17,29,46,1,1.0000
F15_SA02_R03.txt,1500,1005,10.488,5,28,33,1,1.0000
F15_SA02_R04.txt,1500,633,5.411,6,16,22,1,1.0000
F15_SA02_R05.txt,1500,717,3.646,22,29,51,1,1.0000
F01_SA03_R01.txt,1500,1139,16.422,4,27,31,1,1.0000
F01_SA03_R02.txt,1500,1063,6.672,30,34,64,1,1.0000
F01_SA03_R03.txt,1500,877,20.152,11,42,53,1,1.0000
F01_SA03_R04.txt,1500,949,4.108,28,18,46,1,1.0000
F01_SA03_R05.txt,1500,759,7.983,14,25,39,1,1.0000
F02_SA03_R01.txt,1500,715,10.566,18,39,57,1,1.0000
F02_SA03_R02.txt,1500,653,3.969,38,22,60,1,1.0000
F02_SA03_R03.txt,1500,779,5.148,10,45,55,1,1.0000
F02_SA03_R04.txt,1500,691,5.526,12,32,44,1,1.0000
F02_SA03_R05.txt,1500,710,4.176,41,34,75,1,1.0000
F03_SA03_R01.txt,1500,715,5.903,35,84,119,0,0.9801
F03_SA03_R02.txt,1500,812,11.635,28,52,80,1,1.0000
F03_SA03_R03.txt,1500,746,7.355,33,16,49,1,1.0000
F03_SA03_R04.txt,1500,724,8.095,26,18,44,1,1.0000
F03_SA03_R05.txt,1500,833,7.399,25,33,58,1,1.0000
F04_SA03_R01.txt,1500,1151,16.724,23,49,72,1,1.0000
F04_SA03_R02.txt,1500,1175,8.163,26,43,69,1,1.0000
F04_SA03_R03.txt,1500,1087,5.105,37,48,85,1,1.0000
F04_SA03_R04.txt,1500,1117,13.390,28,48,76,1,1.0000
F04_SA03_R05.txt,1500,1011,8.213,26,46,72,1,1.0000
F05_SA03_R01.txt,1500,695,18.038,69,43,112,0,0.9936
F05_SA03_R02.txt,1500,712,12.497,65,74,139,0,0.9958
F05_SA03_R03.txt,1500,703,8.286,41,46,87,1,1.0000
F05_SA03_R04.txt,1500,739,13.415,60,53,113,1,1.0000
F05_SA03_R05.txt,1500,647,11.315,69,44,113,0,0.9948
F06_SA03_R01.txt,1500,1067,2.921,25,26,51,1,1.0000
F06_SA03_R02.txt,1500,1047,4.666,24,28,52,1,1.0000
F06_SA03_R03.txt,1500,996,3.809,25,27,52,1,1.0000
F06_SA03_R04.txt,1500,988,6.191,22,25,47,1,1.0000
F06_SA03_R05.txt,1500,992,4.447,21,33,54,1,1.0000
F07_SA03_R01.txt,1500,983,4.573,17,45,62,1,1.0000
F07_SA03_R02.txt,1500,879,5.731,22,52,74,1,1.0000
F07_SA03_R03.txt,1500,919,3.665,19,49,68,1,1.0000
F07_SA03_R04.txt,1500,925,2.906,19,39,58,1,1.0000
F07_SA03_R05.txt,1500,601,1.896,23,17,40,1,1.0000
F08_SA03_R01.txt,1500,800,6.014,10,34,44,1,1.0000
F08_SA03_R02.txt,1500,610,7.152,17,23,40,1,1.0000
F08_SA03_R03.txt,1500,616,7.018,6,30,36,1,1.0000
F08_SA03_R04.txt,1500,647,6.001,11,15,26,1,1.0000
F08_SA03_R05.txt,1500,719,15.230,3,20,23,1,1.0000
F09_SA03_R01.txt,1500,533,5.210,10,28,38,1,1.0000
F09_SA03_R02.txt,1500,590,6.503,8,45,53,1,1.0000
F09_SA03_R03.txt,1500,633,6.252,14,44,58,1,1.0000
F09_SA03_R04.txt,1500,415,3.629,22,34,56,1,1.0000
F09_SA03_R05.txt,1500,561,7.027,18,46,64,1,1.0000
F10_SA03_R01.txt,1500,545,5.542,17,32,49,1,1.0000
F10_SA03_R02.txt,1500,875,5.550,11,15,26,1,1.0000
F10_SA03_R03.txt,1500,694,6.308,12,16,28,1,1.0000
F10_SA03_R04.txt,1500,984,9.146,11,36,47,1,1.0000
F10_SA03_R05.txt,1500,826,5.624,12,21,33,1,1.0000
F11_SA03_R01.txt,1500,550,4.346,22,26,48,1,1.0000
F11_SA03_R02.txt,1500,621,5.363,14,54,68,1,1.0000
F11_SA03_R03.txt,1500,691,4.437,13,53,66,1,1.0000
F11_SA03_R04.txt,1500,669,5.405,21,54,75,1,1.0000
F11_SA03_R05.txt,1500,515,4.384,24,48,72,1,1.0000
F12_SA03_R01.txt,1500,537,6.132,10,44,54,1,1.0000
F12_SA03_R02.txt,1500,761,4.852,11,20,31,1,1.0000
F12_SA03_R03.txt,1500,691,4.817,20,20,40,1,1.0000
F12_SA03_R04.txt,1500,537,3.304,18,29,47,1,1.0000
F12_SA03_R05.txt,1500,545,5.199,13,21,34,1,1.0000
F13_SA03_R01.txt,1500,998,2.389,36,7,43,1,1.0000
F13_SA03_R02.txt,1500,551,4.703,15,41,56,1,1.0000
F13_SA03_R03.txt,1500,693,2.735,17,7,24,1,1.0000
F13_SA03_R04.txt,1500,542,5.567,6,41,47,1,1.0000
F13_SA03_R05.txt,1500,608,4.898,10,40,50,1,1.0000
F14_SA03_R01.txt,1500,564,2.192,26,32,58,1,1.0000
F14_SA03_R02.txt,1500,574,3.663,3,32,35,1,1.0000
F14_SA03_R03.txt,1500,525,3.091,16,23,39,1,1.0000
F14_SA03_R04.txt,1500,546,4.764,16,27,43,1,1.0000
F14_SA03_R05.txt,1500,493,2.925,19,28,47,1,1.0000
F15_SA03_R01.txt,1500,422,4.214,13,31,44,1,1.0000
F15_SA03_R02.txt,1500,565,4.396,21,32,53,1,1.0000
F15_SA03_R03.txt,1500,875,3.041,35,23,58,1,1.0000
F15_SA03_R04.txt,1500,632,4.543,15,29,44,1,1.0000
F15_SA03_R05.txt,1500,694,3.084,16,34,50,1,1.0000
F01_SA04_R01.txt,1500,1101,6.155,36,53,89,1,1.0000
F01_SA04_R02.txt,1500,998,10.025,31,89,120,0,0.9962
F01_SA04_R03.txt,1500,960,5.596,24,58,82,1,1.0000
F01_SA04_R04.txt,1500,959,7.172,45,90,135,0,0.9777
F01_SA04_R05.txt,1500,995,6.221,16,59,75,1,1.0000
F02_SA04_R01.txt,1500,700,7.121,32,28,60,1,1.0000
F02_SA04_R02.txt,1500,819,6.501,49,98,147,0,0.9845
F02_SA04_R03.txt,1500,768,14.708,37,75,112,0,0.9971
F02_SA04_R04.txt,1500,619,7.680,35,36,71,1,1.0000
F02_SA04_R05.txt,1500,758,8.039,7,37,44,1,1.0000
F03_SA04_R01.txt,1500,681,5.203,22,70,92,0,0.9929
F03_SA04_R02.txt,1500,590,10.357,32,93,125,0,0.9890
F03_SA04_R03.txt,1500,705,11.652,13,86,99,0,0.9939
F03_SA04_R04.txt,1500,760,4.562,14,53,67,1,1.0000
F03_SA04_R05.txt,1500,736,8.666,13,42,55,1,1.0000
F04_SA04_R01.txt,1500,943,9.660,6,41,47,1,1.0000
F04_SA04_R02.txt,1500,910,11.667,10,56,66,1,1.0000
F04_SA04_R03.txt,1500,976,16.735,37,42,79,1,1.0000
F04_SA04_R04.txt,1500,928,12.876,14,40,54,1,1.0000
F04_SA04_R05.txt,1500,947,10.083,35,40,75,1,1.0000
F05_SA04_R01.txt,1500,599,19.499,78,68,146,0,0.9954
F05_SA04_R02.txt,1500,573,9.046,36,55,91,1,1.0000
F05_SA04_R03.txt,1500,598,19.680,16,57,73,1,1.0000
F05_SA04_R04.txt,1500,488,15.367,26,59,85,1,1.0000
F05_SA04_R05.txt,1500,552,8.277,71,64,135,0,0.9882
F06_SA04_R01.txt,1500,860,7.067,20,79,99,0,0.9735
F06_SA04_R02.txt,1500,939,6.342,24,77,101,0,0.9877
F06_SA04_R03.txt,1500,997,10.016,16,107,123,0,0.9842
F06_SA04_R04.txt,1500,951,12.916,24,19,43,1,1.0000
F06_SA04_R05.txt,1500,966,5.588,26,42,68,1,1.0000
F07_SA04_R01.txt,1500,791,17.272,13,77,90,0,0.9983
F07_SA04_R02.txt,1500,707,13.104,7,58,65,1,1.0000
F07_SA04_R03.txt,1500,669,8.554,20,26,46,1,1.0000
F07_SA04_R04.txt,1500,585,5.779,24,26,50,1,1.0000
F07_SA04_R05.txt,1500,801,9.883,5,46,51,1,1.0000
F08_SA04_R01.txt,1500,494,4.372,43,43,86,1,1.0000
F08_SA04_R02.txt,1500,467,3.943,21,42,63,1,1.0000
F08_SA04_R03.txt,1500,494,3.527,24,76,100,0,0.9791
F08_SA04_R04.txt,1500,410,5.939,36,71,107,0,0.9928
F08_SA04_R05.txt,1500,360,4.731,32,43,75,1,1.0000
F09_SA04_R01.txt,1500,464,9.022,20,45,65,1,1.0000
F09_SA04_R02.txt,1500,864,8.791,14,93,107,0,0.9874
F09_SA04_R03.txt,1500,665,9.063,19,77,96,0,0.9935
F09_SA04_R04.txt,1500,754,6.954,23,63,86,1,1.0000
F09_SA04_R05.txt,1500,775,4.240,49,27,76,1,1.0000
F10_SA04_R01.txt,1500,576,5.770,10,14,24,1,1.0000
F10_SA04_R02.txt,1500,775,10.567,10,42,52,1,1.0000
F10_SA04_R03.txt,1500,850,4.020,12,38,50,1,1.0000
F10_SA04_R04.txt,1500,980,4.447,10,47,57,1,1.0000
F10_SA04_R05.txt,1500,932,4.682,20,46,66,1,1.0000
F11_SA04_R01.txt,1500,593,5.733,14,30,44,1,1.0000
F11_SA04_R02.txt,1500,498,3.176,14,33,47,1,1.0000
F11_SA04_R03.txt,1500,574,2.816,15,35,50,1,1.0000
F11_SA04_R04.txt,1500,496,3.057,15,30,45,1,1.0000
F11_SA04_R05.txt,1500,463,4.205,23,94,117,0,0.9384
F12_SA04_R01.txt,1500,466,5.506,36,16,52,1,1.0000
F12_SA04_R02.txt,1500,452,4.856,12,26,38,1,1.0000
F12_SA04_R03.txt,1500,464,3.667,21,27,48,1,1.0000
F12_SA04_R04.txt,1500,488,4.609,18,23,41,1,1.0000
F12_SA04_R05.txt,1500,469,4.592,18,65,83,0,0.9972
F13_SA04_R01.txt,1500,595,2.296,26,20,46,1,1.0000
F13_SA04_R02.txt,1500,552,2.349,14,27,41,1,1.0000
F13_SA04_R03.txt,1500,524,5.343,16,40,56,1,1.0000
F13_SA04_R04.txt,1500,454,2.597,47,38,85,1,1.0000
F13_SA04_R05.txt,1500,465,4.054,20,39,59,1,1.0000
F14_SA04_R01.txt,1500,330,4.423,13,49,62,1,1.0000
F14_SA04_R02.txt,1500,435,4.865,15,25,40,1,1.0000
F14_SA04_R03.txt,1500,289,4.184,14,19,33,1,1.0000
F14_SA04_R04.txt,1500,357,3.794,15,41,56,1,1.0000
F14_SA04_R05.txt,1500,497,4.513,9,16,25,1,1.0000
F15_SA04_R01.txt,1500,332,3.208,29,22,51,1,1.0000
F15_SA04_R02.txt,1500,587,4.470,6,23,29,1,1.0000
F15_SA04_R03.txt,1500,524,3.611,33,21,54,1,1.0000
F15_SA04_R04.txt,1500,576,4.949,12,34,46,1,1.0000
F15_SA04_R05.txt,1500,461,3.843,26,22,48,1,1.0000
F01_SA05_R01.txt,1500,911,10.423,16,28,44,1,1.0000
F01_SA05_R02.txt,1500,934,16.712,22,11,33,1,1.0000
F01_SA05_R03.txt,1500,875,11.878,28,67,95,0,0.9948
F01_SA05_R04.txt,1500,856,9.739,30,63,93,1,1.0000
F01_SA05_R05.txt,1500,984,8.068,19,28,47,1,1.0000
F02_SA05_R01.txt,1500,643,14.201,10,64,74,1,0.9999
F02_SA05_R02.txt,1500,711,15.119,25,25,50,1,1.0000
F02_SA05_R03.txt,1500,673,10.090,15,77,92,0,0.9992
F02_SA05_R04.txt,1500,844,7.215,41,41,82,1,1.0000
F02_SA05_R05.txt,1500,696,4.711,26,30,56,1,1.0000
F03_SA05_R01.txt,1500,724,9.082,33,56,89,1,1.0000
F03_SA05_R02.txt,1500,647,5.874,41,8,49,1,1.0000
F03_SA05_R03.txt,1500,816,8.569,44,41,85,1,1.0000
F03_SA05_R04.txt,1500,724,7.317,45,21,66,1,1.0000
F03_SA05_R05.txt,1500,693,5.392,38,75,113,0,0.9893
F04_SA05_R01.txt,1500,978,7.257,54,18,72,1,1.0000
F04_SA05_R02.txt,1500,807,19.043,20,20,40,1,1.0000
F04_SA05_R03.txt,1500,791,8.635,21,21,42,1,1.0000
F04_SA05_R04.txt,1500,858,7.747,14,25,39,1,1.0000
F04_SA05_R05.txt,1500,918,6.623,51,10,61,1,1.0000
F05_SA05_R01.txt,1500,501,18.385,57,54,111,1,1.0000
F05_SA05_R02.txt,1500,476,17.591,64,49,113,1,1.0000
F05_SA05_R03.txt,1500,481,17.466,65,22,87,0,0.9982
F05_SA05_R04.txt,1500,566,26.383,27,27,54,1,1.0000
F05_SA05_R05.txt,1500,592,11.743,55,30,85,1,1.0000
F06_SA05_R01.txt,1500,841,9.231,44,18,62,1,1.0000
F06_SA05_R02.txt,1500,864,6.055,10,28,38,1,1.0000
F06_SA05_R03.txt,1500,928,20.312,28,26,54,1,1.0000
F06_SA05_R04.txt,1500,846,4.961,33,64,97,1,0.9996
F06_SA05_R05.txt,1500,825,6.996,24,18,42,1,1.0000
F07_SA05_R01.txt,1500,662,4.861,20,41,61,1,1.0000
F07_SA05_R02.txt,1500,747,4.780,31,67,98,0,0.9922
F07_SA05_R03.txt,1500,720,10.216,6,64,70,1,0.9995
F07_SA05_R04.txt,1500,796,4.811,21,45,66,1,1.0000
F07_SA05_R05.txt,1500,842,3.651,29,66,95,0,0.9933
F08_SA05_R01.txt,1500,531,8.030,18,37,55,1,1.0000
F08_SA05_R02.txt,1500,703,5.556,4,41,45,1,1.0000
F08_SA05_R03.txt,1500,764,7.414,31,21,52,1,1.0000
F08_SA05_R04.txt,1500,576,9.681,12,21,33,1,1.0000
F08_SA05_R05.txt,1500,633,6.961,25,22,47,1,1.0000
F09_SA05_R01.txt,1500,818,4.396,9,35,44,1,1.0000
F09_SA05_R02.txt,1500,749,3.916,34,43,77,1,1.0000
F09_SA05_R03.txt,1500,799,4.174,35,53,88,1,1.0000
F09_SA05_R04.txt,1500,829,5.362,25,35,60,1,1.0000
F09_SA05_R05.txt,1500,856,4.213,28,36,64,1,1.0000
F10_SA05_R01.txt,1500,751,7.791,4,17,21,1,1.0000
F10_SA05_R02.txt,1500,711,5.757,5,37,42,1,1.0000
F10_SA05_R03.txt,1500,744,4.905,29,28,57,1,1.0000
F10_SA05_R04.txt,1500,763,5.420,41,31,72,1,1.0000
F10_SA05_R05.txt,1500,678,7.664,4,41,45,1,1.0000
F11_SA05_R01.txt,1500,678,7.514,5,68,73,0,0.9947
F11_SA05_R02.txt,1500,720,8.199,5,19,24,1,1.0000
F11_SA05_R03.txt,1500,733,5.236,36,23,59,1,1.0000
F11_SA05_R04.txt,1500,700,2.216,28,28,56,1,1.0000
F11_SA05_R05.txt,1500,725,3.619,38,50,88,1,1.0000
F12_SA05_R01.txt,1500,598,5.355,12,33,45,1,1.0000
F12_SA05_R02.txt,1500,796,3.425,40,18,58,1,1.0000
F12_SA05_R03.txt,1500,525,5.405,18,36,54,1,1.0000
F12_SA05_R04.txt,1500,612,4.003,17,23,40,1,1.0000
F12_SA05_R05.txt,1500,727,5.137,29,23,52,1,1.0000
F13_SA05_R01.txt,1500,592,2.148,3,5,8,1,1.0000
F13_SA05_R02.txt,1500,781,2.571,55,28,83,1,1.0000
F13_SA05_R03.txt,1500,713,2.622,15,22,37,1,1.0000
F13_SA05_R04.txt,1500,559,1.828,9,47,56,1,1.0000
F13_SA05_R05.txt,1500,698,2.125,19,39,58,1,1.0000
F14_SA05_R01.txt,1500,479,6.859,11,34,45,1,1.0000
F14_SA05_R02.txt,1500,520,7.907,14,58,72,1,1.0000
F14_SA05_R03.txt,1500,494,8.282,16,51,67,1,1.0000
F14_SA05_R04.txt,1500,495,5.131,13,35,48,1,1.0000
F14_SA05_R05.txt,1500,572,4.903,19,34,53,1,1.0000
F15_SA05_R01.txt,1500,505,4.493,14,40,54,1,1.0000
F15_SA05_R02.txt,1500,569,2.804,15,22,37,1,1.0000
F15_SA05_R03.txt,1500,518,3.409,23,55,78,1,1.0000
F15_SA05_R04.txt,1500,657,3.852,17,21,38,1,1.0000
F15_SA05_R05.txt,1500,566,6.424,18,55,73,1,1.0000
F01_SA06_R01.txt,1500,985,16.567,26,53,79,1,1.0000
F01_SA06_R02.txt,1500,901,10.113,31,40,71,1,1.0000
F01_SA06_R03.txt,1500,846,10.035,25,50,75,1,1.0000
F01_SA06_R04.txt,1500,812,10.864,29,45,74,1,1.0000
F01_SA06_R05.txt,1500,912,4.848,23,52,75,1,1.0000
F02_SA06_R01.txt,1500,812,4.987,45,26,71,1,1.0000
F02_SA06_R02.txt,1500,731,4.310,43,20,63,1,1.0000
F02_SA06_R03.txt,1500,854,5.917,54,42,96,1,1.0000
F02_SA06_R04.txt,1500,813,7.800,48,78,126,0,0.9940
F02_SA06_R05.txt,1500,845,10.885,5,57,62,1,1.0000
F03_SA06_R01.txt,1500,637,6.882,26,40,66,1,1.0000
F03_SA06_R02.txt,1500,657,7.068,8,26,34,1,1.0000
F03_SA06_R03.txt,1500,699,11.451,7,31,38,1,1.0000
F03_SA06_R04.txt,1500,685,5.794,18,38,56,1,1.0000
F03_SA06_R05.txt,1500,646,6.491,22,30,52,1,1.0000
F04_SA06_R01.txt,1500,846,12.722,20,39,59,1,1.0000
F04_SA06_R02.txt,1500,813,17.847,20,63,83,1,1.0000
F04_SA06_R03.txt,1500,820,13.199,17,31,48,1,1.0000
F04_SA06_R04.txt,1500,733,9.898,25,32,57,1,1.0000
F04_SA06_R05.txt,1500,802,13.811,25,30,55,1,1.0000
F05_SA06_R01.txt,1500,470,9.382,21,38,59,1,1.0000
F05_SA06_R02.txt,1500,484,10.067,15,58,73,1,1.0000
F05_SA06_R03.txt,1500,496,10.502,25,53,78,1,1.0000
F05_SA06_R04.txt,1500,505,13.400,22,33,55,1,1.0000
F05_SA06_R05.txt,1500,504,10.211,72,42,114,0,0.9900
F06_SA06_R01.txt,1500,841,6.164,21,56,77,1,1.0000
F06_SA06_R02.txt,1500,1020,8.251,14,56,70,1,1.0000
F06_SA06_R03.txt,1500,1096,14.340,36,26,62,1,1.0000
F06_SA06_R04.txt,1500,1044,6.125,22,46,68,1,1.0000
F06_SA06_R05.txt,1500,934,3.566,31,65,96,0,0.9973
F07_SA06_R01.txt,1500,752,12.262,16,33,49,1,1.0000
F07_SA06_R02.txt,1500,854,5.671,13,34,47,1,1.0000
F07_SA06_R03.txt,1500,747,5.083,11,54,65,1,1.0000
F07_SA06_R04.txt,1500,787,6.061,22,45,67,1,1.0000
F07_SA06_R05.txt,1500,823,7.201,11,75,86,0,0.9946
F08_SA06_R01.txt,1500,609,5.591,11,21,32,1,1.0000
F08_SA06_R02.txt,1500,579,5.851,29,29,58,1,1.0000
F08_SA06_R03.txt,1500,635,8.312,23,30,53,1,1.0000
F08_SA06_R04.txt,1500,707,3.548,25,32,57,1,1.0000
F08_SA06_R05.txt,1500,713,6.111,23,35,58,1,1.0000
F09_SA06_R01.txt,1500,315,8.285,17,24,41,1,1.0000
F09_SA06_R02.txt,1500,496,8.195,19,38,57,1,1.0000
F09_SA06_R03.txt,1500,539,11.531,15,24,39,1,1.0000
F09_SA06_R04.txt,1500,317,6.786,19,16,35,1,1.0000
F09_SA06_R05.txt,1500,350,7.855,17,15,32,1,1.0000
F10_SA06_R01.txt,1500,437,6.503,18,35,53,1,1.0000
F10_SA06_R02.txt,1500,517,7.664,9,39,48,1,1.0000
F10_SA06_R03.txt,1500,740,7.404,18,18,36,1,1.0000
F10_SA06_R04.txt,1500,355,8.028,21,34,55,1,1.0000
F10_SA06_R05.txt,1500,539,6.696,19,26,45,1,1.0000
F11_SA06_R01.txt,1500,499,5.489,23,38,61,1,1.0000
F11_SA06_R02.txt,1500,444,6.121,19,25,44,1,1.0000
F11_SA06_R03.txt,1500,338,6.996,12,15,27,1,1.0000
F11_SA06_R04.txt,1500,332,5.381,10,25,35,1,1.0000
F11_SA06_R05.txt,1500,449,5.021,20,24,44,1,1.0000
F12_SA06_R01.txt,1500,496,6.739,10,46,56,1,1.0000
F12_SA06_R02.txt,1500,311,6.088,10,19,29,1,1.0000
F12_SA06_R03.txt,1500,566,5.866,10,43,53,1,1.0000
F12_SA06_R04.txt,1500,357,4.990,15,27,42,1,1.0000
F12_SA06_R05.txt,1500,272,10.467,6,39,45,1,1.0000
F13_SA06_R01.txt,1500,566,3.353,10,15,25,1,1.0000
F13_SA06_R02.txt,1500,788,4.436,11,31,42,1,1.0000
F13_SA06_R03.txt,1500,343,3.321,22,33,55,1,1.0000
F13_SA06_R04.txt,1500,709,4.001,17,37,54,1,1.0000
F13_SA06_R05.txt,1500,873,2.889,21,28,49,1,1.0000
F14_SA06_R01.txt,1500,690,3.718,10,13,23,1,1.0000
F14_SA06_R02.txt,1500,427,6.473,6,10,16,1,1.0000
F14_SA06_R03.txt,1500,235,4.341,10,28,38,1,1.0000
F14_SA06_R04.txt,1500,663,4.779,8,16,24,1,1.0000
F14_SA06_R05.txt,1500,693,5.157,8,13,21,1,1.0000
F15_SA06_R01.txt,1500,308,5.537,14,36,50,1,1.0000
F15_SA06_R02.txt,1500,513,6.363,19,37,56,1,1.0000
F15_SA06_R03.txt,1500,665,4.699,17,31,48,1,1.0000
F15_SA06_R04.txt,1500,753,5.678,11,34,45,1,1.0000
F15_SA06_R05.txt,1500,632,5.814,16,41,57,1,1.0000
F01_SA07_R01.txt,1500,724,5.653,23,38,61,1,1.0000
F01_SA07_R02.txt,1500,697,22.887,3,41,44,1,1.0000
F01_SA07_R03.txt,1500,607,6.463,19,80,99,0,0.9847
F01_SA07_R04.txt,1500,659,7.049,14,56,70,1,1.0000
F01_SA07_R05.txt,1500,682,7.077,5,38,43,1,1.0000
F02_SA07_R01.txt,1500,606,11.413,37,27,64,1,1.0000
F02_SA07_R02.txt,1500,719,4.826,39,40,79,1,1.0000
F02_SA07_R03.txt,1500,669,10.897,10,94,104,0,0.9823
F02_SA07_R04.txt,1500,763,4.738,65,97,162,0,0.9540
F02_SA07_R05.txt,1500,773,5.691,38,81,119,0,0.9803
F03_SA07_R01.txt,1500,501,11.829,22,48,70,1,1.0000
F03_SA07_R02.txt,1500,685,10.650,23,53,76,1,1.0000
F03_SA07_R03.txt,1500,623,7.877,22,27,49,1,1.0000
F03_SA07_R04.txt,1500,721,4.509,19,36,55,1,1.0000
F03_SA07_R05.txt,1500,610,8.522,15,56,71,1,1.0000
F04_SA07_R01.txt,1500,706,7.114,11,48,59,1,1.0000
F04_SA07_R02.txt,1500,747,5.716,22,31,53,1,1.0000
F04_SA07_R03.txt,1500,679,15.140,6,43,49,1,1.0000
F04_SA07_R04.txt,1500,670,14.902,12,44,56,1,1.0000
F04_SA07_R05.txt,1500,694,8.669,16,55,71,1,1.0000
F05_SA07_R01.txt,1500,494,7.747,20,32,52,1,1.0000
F05_SA07_R02.txt,1500,512,9.213,77,33,110,0,0.9309
F05_SA07_R03.txt,1500,472,7.227,67,36,103,0,0.9940
F05_SA07_R04.txt,1500,480,8.311,25,61,86,1,1.0000
F05_SA07_R05.txt,1500,521,12.729,77,38,115,0,0.9838
F06_SA07_R01.txt,1500,926,10.124,6,22,28,1,1.0000
F06_SA07_R02.txt,1500,1034,16.748,11,40,51,1,1.0000
F06_SA07_R03.txt,1500,812,4.944,17,103,120,0,0.9563
F06_SA07_R04.txt,1500,879,9.624,12,18,30,1,1.0000
F06_SA07_R05.txt,1500,1013,7.944,22,35,57,1,1.0000
F07_SA07_R01.txt,1500,943,7.125,24,32,56,1,1.0000
F07_SA07_R02.txt,1500,827,10.943,18,27,45,1,1.0000
F07_SA07_R03.txt,1500,912,12.194,8,37,45,1,1.0000
F07_SA07_R04.txt,1500,795,10.696,13,38,51,1,1.0000
F07_SA07_R05.txt,1500,925,12.142,18,22,40,1,1.0000
F08_SA07_R01.txt,1500,338,9.071,21,46,67,1,1.0000
F08_SA07_R02.txt,1500,447,6.228,29,43,72,1,1.0000
F08_SA07_R03.txt,1500,643,7.744,23,24,47,1,1.0000
F08_SA07_R04.txt,1500,498,6.574,24,50,74,1,1.0000
F08_SA07_R05.txt,1500,555,4.782,35,50,85,1,1.0000
F09_SA07_R01.txt,1500,619,9.613,20,18,38,1,1.0000
F09_SA07_R02.txt,1500,599,7.559,20,32,52,1,1.0000
F09_SA07_R03.txt,1500,741,6.821,13,33,46,1,1.0000
F09_SA07_R04.txt,1500,737,6.237,12,66,78,0,0.9987
F09_SA07_R05.txt,1500,688,4.224,24,42,66,1,1.0000
F10_SA07_R01.txt,1500,497,9.531,16,47,63,1,1.0000
F10_SA07_R02.txt,1500,498,6.272,14,86,100,0,0.9883
F10_SA07_R03.txt,1500,612,4.345,23,35,58,1,1.0000
F10_SA07_R04.txt,1500,625,4.936,13,104,117,0,0.9623
F10_SA07_R05.txt,1500,708,4.088,11,42,53,1,1.0000
F11_SA07_R01.txt,1500,281,7.876,15,75,90,0,0.9950
F11_SA07_R02.txt,1500,522,7.165,14,62,76,1,1.0000
F11_SA07_R03.txt,1500,483,5.781,17,68,85,0,0.9960
F11_SA07_R04.txt,1500,463,6.199,19,44,63,1,1.0000
F11_SA07_R05.txt,1500,483,9.520,25,45,70,1,1.0000
F12_SA07_R01.txt,1500,589,7.739,18,75,93,0,0.9973
F12_SA07_R02.txt,1500,535,4.577,14,56,70,1,1.0000
F12_SA07_R03.txt,1500,511,6.906,12,55,67,1,1.0000
F12_SA07_R04.txt,1500,542,6.306,18,48,66,1,1.0000
F12_SA07_R05.txt,1500,485,4.870,13,60,73,1,1.0000
F13_SA07_R01.txt,1500,527,3.257,15,14,29,1,1.0000
F13_SA07_R02.txt,1500,599,3.472,11,98,109,0,0.8298
F13_SA07_R03.txt,1500,691,4.610,13,21,34,1,1.0000
F13_SA07_R04.txt,1500,642,4.054,8,30,38,1,1.0000
F13_SA07_R05.txt,1500,619,2.467,10,53,63,1,1.0000
F14_SA07_R01.txt,1500,365,10.080,6,31,37,1,1.0000
F14_SA07_R02.txt,1500,467,12.942,18,54,72,1,1.0000
F14_SA07_R03.txt,1500,488,8.162,10,35,45,1,1.0000
F14_SA07_R04.txt,1500,402,7.701,15,44,59,1,1.0000
F14_SA07_R05.txt,1500,469,7.991,8,73,81,0,0.9936
F15_SA07_R01.txt,1503,1215,5.034,15,38,53,1,1.0000
F15_SA07_R02.txt,1500,595,5.807,11,38,49,1,1.0000
F15_SA07_R03.txt,1500,649,6.859,17,35,52,1,1.0000
F15_SA07_R04.txt,1500,487,4.161,19,40,59,1,1.0000
F15_SA07_R05.txt,1500,640,2.970,22,23,45,1,1.0000
F01_SA08_R01.txt,1500,679,5.689,16,72,88,0,0.9898
F01_SA08_R02.txt,1500,606,4.319,29,60,89,1,1.0000
F01_SA08_R03.txt,1500,655,6.223,26,19,45,1,1.0000
F01_SA08_R04.txt,1500,567,6.207,28,74,102,0,0.9896
F01_SA08_R05.txt,1500,736,5.361,29,38,67,1,1.0000
F02_SA08_R01.txt,1500,585,7.311,35,32,67,1,1.0000
F02_SA08_R02.txt,1500,674,13.985,32,24,56,1,1.0000
F02_SA08_R03.txt,1500,546,11.725,28,29,57,1,1.0000
F02_SA08_R04.txt,1500,719,14.499,12,55,67,1,1.0000
F02_SA08_R05.txt,1500,735,9.754,23,53,76,1,1.0000
F03_SA08_R01.txt,1500,563,9.535,13,63,76,1,1.0000
F03_SA08_R02.txt,1500,546,10.942,6,55,61,1,1.0000
F03_SA08_R03.txt,1500,594,13.710,13,39,52,1,1.0000
F03_SA08_R04.txt,1500,514,14.138,13,77,90,0,0.9984
F03_SA08_R05.txt,1500,590,7.962,28,80,108,0,0.9935
F04_SA08_R01.txt,1500,694,13.472,35,48,83,1,1.0000
F04_SA08_R02.txt,1500,752,7.280,50,51,101,1,1.0000
F04_SA08_R03.txt,1500,797,6.918,58,44,102,1,1.0000
F04_SA08_R04.txt,1500,793,6.796,42,43,85,1,1.0000
F04_SA08_R05.txt,1500,616,14.138,61,50,111,1,1.0000
F05_SA08_R01.txt,1500,499,6.369,31,19,50,1,1.0000
F05_SA08_R02.txt,1500,504,10.190,44,42,86,1,1.0000
F05_SA08_R03.txt,1500,573,7.182,45,76,121,0,0.9882
F05_SA08_R04.txt,1500,462,4.662,73,76,149,0,0.9728
F05_SA08_R05.txt,1500,513,17.773,37,65,102,0,0.9997
F06_SA08_R01.txt,1500,728,7.425,10,26,36,1,1.0000
F06_SA08_R02.txt,1500,705,9.576,10,59,69,1,1.0000
F06_SA08_R03.txt,1500,715,12.992,25,45,70,1,1.0000
F06_SA08_R04.txt,1500,754,9.297,7,77,84,0,0.9970
F06_SA08_R05.txt,1500,702,10.944,25,40,65,1,1.0000
F07_SA08_R01.txt,1500,507,5.858,30,50,80,1,1.0000
F07_SA08_R02.txt,1500,645,5.358,31,76,107,0,0.9970
F07_SA08_R03.txt,1500,653,3.120,59,32,91,1,1.0000
F07_SA08_R04.txt,1500,650,4.559,12,58,70,1,1.0000
F07_SA08_R05.txt,1500,663,3.405,15,34,49,1,1.0000
F08_SA08_R01.txt,1500,755,7.311,14,37,51,1,1.0000
F08_SA08_R02.txt,1500,688,9.545,16,41,57,1,1.0000
F08_SA08_R03.txt,1500,681,10.879,24,36,60,1,1.0000
F08_SA08_R04.txt,1500,662,8.385,18,42,60,1,1.0000
F08_SA08_R05.txt,1500,609,8.704,17,45,62,1,1.0000
F09_SA08_R01.txt,1500,559,8.619,23,64,87,1,0.9996
F09_SA08_R02.txt,1500,684,9.138,9,38,47,1,1.0000
F09_SA08_R03.txt,1500,501,5.889,16,17,33,1,1.0000
F09_SA08_R04.txt,1500,678,8.826,21,41,62,1,1.0000
F09_SA08_R05.txt,1500,587,11.704,17,39,56,1,1.0000
F10_SA08_R01.txt,1500,636,6.862,13,43,56,1,1.0000
F10_SA08_R02.txt,1500,603,12.206,16,38,54,1,1.0000
F10_SA08_R03.txt,1500,542,5.569,22,37,59,1,1.0000
F10_SA08_R04.txt,1500,510,14.373,17,43,60,1,1.0000
F10_SA08_R05.txt,1500,588,9.489,22,40,62,1,1.0000
F11_SA08_R01.txt,1500,332,3.536,8,44,52,1,1.0000
F11_SA08_R02.txt,1500,444,4.508,11,41,52,1,1.0000
F11_SA08_R03.txt,1500,408,11.186,10,31,41,1,1.0000
F11_SA08_R04.txt,1500,403,4.344,14,42,56,1,1.0000
F11_SA08_R05.txt,1500,484,7.283,10,58,68,1,1.0000
F12_SA08_R01.txt,1500,527,13.945,10,48,58,1,1.0000
F12_SA08_R02.txt,1500,586,10.989,11,45,56,1,1.0000
F12_SA08_R03.txt,1500,840,11.726,16,59,75,1,1.0000
F12_SA08_R04.txt,1500,631,7.327,11,30,41,1,1.0000
F12_SA08_R05.txt,1500,478,9.910,8,42,50,1,1.0000
F13_SA08_R01.txt,1500,492,2.992,30,37,67,1,1.0000
F13_SA08_R02.txt,1500,584,3.532,21,33,54,1,1.0000
F13_SA08_R03.txt,1500,566,3.928,11,10,21,1,1.0000
F13_SA08_R04.txt,1500,873,7.462,16,36,52,1,1.0000
F13_SA08_R05.txt,1500,710,2.439,11,39,50,1,1.0000
F14_SA08_R01.txt,1500,423,6.310,9,33,42,1,1.0000
F14_SA08_R02.txt,1500,303,6.820,12,55,67,1,1.0000
F14_SA08_R03.txt,1500,451,8.360,15,16,31,1,1.0000
F14_SA08_R04.txt,1500,495,7.521,21,41,62,1,1.0000
F14_SA08_R05.txt,1500,669,5.681,9,37,46,1,1.0000
F15_SA08_R01.txt,1500,473,6.553,7,46,53,1,1.0000
F15_SA08_R02.txt,1500,626,9.683,12,50,62,1,1.0000
F15_SA08_R03.txt,1500,632,8.943,13,42,55,1,1.0000
F15_SA08_R04.txt,1500,616,9.497,21,56,77,1,1.0000
F15_SA08_R05.txt,1500,710,8.991,17,49,66,1,1.0000
F01_SA09_R01.txt,1500,784,3.570,35,33,68,1,1.0000
F01_SA09_R02.txt,1500,738,5.094,19,23,42,1,1.0000
F01_SA09_R03.txt,1500,564,5.296,5,156,161,0,0.3565
F01_SA09_R04.txt,1500,774,7.130,9,31,40,1,1.0000
F01_SA09_R05.txt,1500,831,6.839,15,39,54,1,1.0000
F02_SA09_R01.txt,1500,633,10.547,5,32,37,1,1.0000
F02_SA09_R02.txt,1500,845,10.445,30,15,45,1,1.0000
F02_SA09_R03.txt,1500,661,11.218,8,16,24,1,1.0000
F02_SA09_R04.txt,1500,668,6.614,7,18,25,1,1.0000
F02_SA09_R05.txt,1500,745,7.173,48,13,61,1,1.0000
F03_SA09_R01.txt,1500,510,9.870,40,23,63,1,1.0000
F03_SA09_R02.txt,1500,549,9.037,16,33,49,1,1.0000
F03_SA09_R03.txt,1500,628,6.816,8,34,42,1,1.0000
F03_SA09_R04.txt,1500,577,3.712,28,45,73,1,1.0000
F03_SA09_R05.txt,1500,689,3.303,39,25,64,1,1.0000
F04_SA09_R01.txt,1500,720,11.389,10,27,37,1,1.0000
F04_SA09_R02.txt,1500,734,14.089,12,45,57,1,1.0000
F04_SA09_R03.txt,1500,803,8.010,20,26,46,1,1.0000
F04_SA09_R04.txt,1500,822,5.789,11,43,54,1,1.0000
F04_SA09_R05.txt,1500,726,5.844,27,67,94,0,0.9974
F05_SA09_R01.txt,1500,562,13.842,43,47,90,1,1.0000
F05_SA09_R02.txt,1500,520,14.726,5,49,54,1,1.0000
F05_SA09_R03.txt,1500,512,9.128,17,35,52,1,1.0000
F05_SA09_R04.txt,1500,552,8.178,39,33,72,1,1.0000
F05_SA09_R05.txt,1500,532,5.642,21,59,80,1,1.0000
F06_SA09_R01.txt,1500,781,5.860,42,30,72,1,1.0000
F06_SA09_R02.txt,1500,783,5.709,41,66,107,0,0.9971
F06_SA09_R03.txt,1500,750,4.235,29,33,62,1,1.0000
F06_SA09_R04.txt,1500,810,5.266,39,55,94,1,1.0000
F06_SA09_R05.txt,1500,753,3.379,33,37,70,1,1.0000
F07_SA09_R01.txt,1500,562,4.578,19,19,38,1,1.0000
F07_SA09_R02.txt,1500,678,4.729,22,20,42,1,1.0000
F07_SA09_R03.txt,1500,734,6.427,8,6,14,1,1.0000
F07_SA09_R04.txt,1500,767,4.510,17,47,64,1,1.0000
F07_SA09_R05.txt,1500,727,5.117,30,72,102,0,0.9947
F08_SA09_R01.txt,1500,682,5.105,18,7,25,1,1.0000
F08_SA09_R02.txt,1500,736,4.021,47,38,85,1,1.0000
F08_SA09_R03.txt,1500,807,6.547,26,19,45,1,1.0000
F08_SA09_R04.txt,1500,605,4.417,29,12,41,1,1.0000
F08_SA09_R05.txt,1500,669,2.632,33,38,71,1,1.0000
F09_SA09_R01.txt,1500,609,3.805,36,17,53,1,1.0000
F09_SA09_R02.txt,1500,666,5.732,25,28,53,1,1.0000
F09_SA09_R03.txt,1500,708,4.932,38,4,42,1,1.0000
F09_SA09_R04.txt,1500,556,5.790,36,22,58,1,1.0000
F09_SA09_R05.txt,1500,647,4.706,29,10,39,1,1.0000
F10_SA09_R01.txt,1500,629,4.888,16,41,57,1,1.0000
F10_SA09_R02.txt,1500,631,3.478,11,17,28,1,1.0000
F10_SA09_R03.txt,1500,625,4.251,23,19,42,1,1.0000
F10_SA09_R04.txt,1500,741,3.209,13,30,43,1,1.0000
F10_SA09_R05.txt,1500,511,4.714,20,32,52,1,1.0000
F11_SA09_R01.txt,1500,530,4.013,45,15,60,1,1.0000
F11_SA09_R02.txt,1500,617,3.923,27,33,60,1,1.0000
F11_SA09_R03.txt,1500,660,6.542,21,26,47,1,1.0000
F11_SA09_R04.txt,1500,636,6.498,28,49,77,1,1.0000
F11_SA09_R05.txt,1500,655,6.946,28,37,65,1,1.0000
F12_SA09_R01.txt,1500,609,8.121,12,21,33,1,1.0000
F12_SA09_R02.txt,1500,642,3.906,32,32,64,1,1.0000
F12_SA09_R03.txt,1500,713,6.994,19,35,54,1,1.0000
F12_SA09_R04.txt,1500,673,6.079,24,46,70,1,1.0000
F12_SA09_R05.txt,1500,615,5.745,22,27,49,1,1.0000
F13_SA09_R01.txt,1500,762,4.363,7,32,39,1,1.0000
F13_SA09_R02.txt,1500,854,1.765,47,6,53,1,1.0000
F13_SA09_R03.txt,1500,861,3.536,9,26,35,1,1.0000
F13_SA09_R04.txt,1500,902,2.524,26,35,61,1,1.0000
F13_SA09_R05.txt,1500,726,3.822,13,28,41,1,1.0000
F14_SA09_R01.txt,1500,523,2.937,27,39,66,1,1.0000
F14_SA09_R02.txt,1500,698,5.632,14,40,54,1,1.0000
F14_SA09_R03.txt,1500,758,8.906,10,28,38,1,1.0000
F14_SA09_R04.txt,1500,587,7.425,15,12,27,1,1.0000
F14_SA09_R05.txt,1500,769,5.146,10,42,52,1,1.0000
F15_SA09_R01.txt,1500,671,4.515,21,20,41,1,1.0000
F15_SA09_R02.txt,1500,677,3.350,17,60,77,1,1.0000
F15_SA09_R03.txt,1500,822,4.887,31,37,68,1,1.0000
F15_SA09_R04.txt,1500,947,3.081,8,14,22,1,1.0000
F15_SA09_R05.txt,1500,670,7.198,17,39,56,1,1.0000
F01_SA10_R01.txt,1500,492,6.749,11,26,37,1,1.0000
F01_SA10_R02.txt,1500,612,12.806,56,68,124,0,0.9989
F01_SA10_R03.txt,1500,561,6.406,45,20,65,1,1.0000
F01_SA10_R04.txt,1500,547,9.956,9,30,39,1,1.0000
F01_SA10_R05.txt,1500,614,13.368,12,19,31,1,1.0000
F02_SA10_R01.txt,1500,466,5.512,36,28,64,1,1.0000
F02_SA10_R02.txt,1500,521,17.568,20,87,107,0,0.9988
F02_SA10_R03.txt,1500,496,9.124,54,33,87,1,1.0000
F02_SA10_R04.txt,1500,623,10.365,39,21,60,1,1.0000
F02_SA10_R05.txt,1500,526,8.472,35,100,135,0,0.9835
F03_SA10_R01.txt,1500,689,5.766,59,53,112,1,1.0000
F03_SA10_R02.txt,1500,716,11.081,23,99,122,0,0.9922
F03_SA10_R03.txt,1500,572,10.271,13,42,55,1,1.0000
F03_SA10_R04.txt,1500,633,9.378,5,48,53,1,1.0000
F03_SA10_R05.txt,1500,565,7.462,48,39,87,1,1.0000
F04_SA10_R01.txt,1500,587,11.637,62,80,142,0,0.9919
F04_SA10_R02.txt,1500,554,11.887,56,22,78,1,1.0000
F04_SA10_R03.txt,1500,592,15.381,30,72,102,0,0.9969
F04_SA10_R04.txt,1500,700,3.817,68,18,86,0,0.9915
F04_SA10_R05.txt,1500,674,5.682,42,93,135,0,0.9868
F05_SA10_R01.txt,1500,481,11.408,52,88,140,0,0.9938
F05_SA10_R02.txt,1500,532,13.274,69,54,123,0,0.9937
F05_SA10_R03.txt,1500,521,7.082,80,35,115,0,0.7868
F05_SA10_R04.txt,1500,448,5.234,62,67,129,0,0.9844
F05_SA10_R05.txt,1500,567,9.126,55,56,111,1,1.0000
F06_SA10_R01.txt,1500,700,4.312,70,19,89,0,0.9819
F06_SA10_R02.txt,1500,647,5.533,46,58,104,1,1.0000
F06_SA10_R03.txt,1500,633,4.443,13,10,23,1,1.0000
F06_SA10_R04.txt,1500,745,8.477,43,12,55,1,1.0000
F06_SA10_R05.txt,1500,644,3.038,12,81,93,0,0.8853
F07_SA10_R01.txt,1500,651,7.789,24,102,126,0,0.9752
F07_SA10_R02.txt,1500,617,7.014,26,42,68,1,1.0000
F07_SA10_R03.txt,1500,722,6.398,30,41,71,1,1.0000
F07_SA10_R04.txt,1500,719,4.018,12,79,91,0,0.9669
F07_SA10_R05.txt,1500,811,5.813,34,48,82,1,1.0000
F08_SA10_R01.txt,1500,485,7.459,8,43,51,1,1.0000
F08_SA10_R02.txt,1500,667,8.406,8,41,49,1,1.0000
F08_SA10_R03.txt,1500,557,5.841,7,42,49,1,1.0000
F08_SA10_R04.txt,1500,665,7.157,8,18,26,1,1.0000
F08_SA10_R05.txt,1500,654,2.817,7,23,30,1,1.0000
F09_SA10_R01.txt,1500,543,5.526,14,106,120,0,0.9847
F09_SA10_R02.txt,1500,621,5.546,8,28,36,1,1.0000
F09_SA10_R03.txt,1500,727,4.010,13,23,36,1,1.0000
F09_SA10_R04.txt,1500,619,5.175,16,38,54,1,1.0000
F09_SA10_R05.txt,1500,654,7.155,21,21,42,1,1.0000
F10_SA10_R01.txt,1500,298,11.137,14,90,104,0,0.9897
F10_SA10_R02.txt,1500,430,2.519,26,66,92,0,0.9872
F10_SA10_R03.txt,1500,484,9.942,15,31,46,1,1.0000
F10_SA10_R04.txt,1500,565,6.657,12,69,81,0,0.9954
F10_SA10_R05.txt,1500,499,7.083,10,70,80,0,0.9944
F11_SA10_R01.txt,1500,507,3.019,34,37,71,1,1.0000
F11_SA10_R02.txt,1500,514,3.903,51,47,98,1,1.0000
F11_SA10_R03.txt,1500,353,5.278,56,49,105,1,1.0000
F11_SA10_R04.txt,1500,447,3.583,52,49,101,1,1.0000
F11_SA10_R05.txt,1500,484,5.724,50,49,99,1,1.0000
F12_SA10_R01.txt,1500,397,5.759,26,58,84,1,1.0000
F12_SA10_R02.txt,1500,369,6.202,42,57,99,1,1.0000
F12_SA10_R03.txt,1500,323,4.782,38,59,97,1,1.0000
F12_SA10_R04.txt,1500,234,3.963,37,37,74,1,1.0000
F12_SA10_R05.txt,1500,338,5.121,33,39,72,1,1.0000
F13_SA10_R01.txt,1500,381,7.145,5,23,28,1,1.0000
F13_SA10_R02.txt,1500,348,4.677,31,18,49,1,1.0000
F13_SA10_R03.txt,1500,277,6.606,27,68,95,0,0.9923
F13_SA10_R04.txt,1500,401,7.802,21,25,46,1,1.0000
F13_SA10_R05.txt,1500,466,3.103,40,22,62,1,1.0000
F14_SA10_R01.txt,1500,466,8.161,10,20,30,1,1.0000
F14_SA10_R02.txt,1500,529,5.569,22,100,122,0,0.9808
F14_SA10_R03.txt,1500,517,6.364,12,25,37,1,1.0000
F14_SA10_R04.txt,1500,537,6.690,24,48,72,1,1.0000
F14_SA10_R05.txt,1500,566,3.960,23,29,52,1,1.0000
F15_SA10_R01.txt,1500,552,4.494,15,54,69,1,1.0000
F15_SA10_R02.txt,1500,537,2.120,16,80,96,0,0.8985
F15_SA10_R03.txt,1500,613,2.357,10,72,82,0,0.9602
F15_SA10_R04.txt,1500,630,2.665,15,31,46,1,1.0000
F15_SA10_R05.txt,1500,732,4.466,25,15,40,1,1.0000
F01_SA11_R01.txt,1500,500,14.922,6,69,75,0,0.9989
F01_SA11_R02.txt,1500,642,6.359,27,26,53,1,1.0000
F01_SA11_R03.txt,1500,514,8.891,20,83,103,0,0.9966
F01_SA11_R04.txt,1500,515,7.878,14,25,39,1,1.0000
F01_SA11_R05.txt,1500,519,17.342,18,40,58,1,1.0000
F02_SA11_R01.txt,1500,466,9.977,31,20,51,1,1.0000
F02_SA11_R02.txt,1500,412,15.391,12,33,45,1,1.0000
F02_SA11_R03.txt,1500,402,9.930,31,41,72,1,1.0000
F02_SA11_R04.txt,1500,394,9.871,19,22,41,1,1.0000
F02_SA11_R05.txt,1500,449,17.973,31,45,76,1,1.0000
F03_SA11_R01.txt,1500,551,16.306,30,25,55,1,1.0000
F03_SA11_R02.txt,1500,547,15.453,5,39,44,1,1.0000
F03_SA11_R03.txt,1500,524,16.153,28,53,81,1,1.0000
F03_SA11_R04.txt,1500,532,14.448,27,34,61,1,1.0000
F03_SA11_R05.txt,1500,548,14.663,18,82,100,0,0.9918
F04_SA11_R01.txt,1500,675,14.614,9,36,45,1,1.0000
F04_SA11_R02.txt,1500,662,8.598,22,41,63,1,1.0000
F04_SA11_R03.txt,1500,659,9.723,38,40,78,1,1.0000
F04_SA11_R04.txt,1500,710,9.011,31,40,71,1,1.0000
F04_SA11_R05.txt,1500,653,4.488,33,34,67,1,1.0000
F05_SA11_R01.txt,1500,660,12.738,59,52,111,1,1.0000
F05_SA11_R02.txt,1500,635,12.729,5,38,43,1,1.0000
F05_SA11_R03.txt,1500,708,14.917,43,60,103,1,1.0000
F05_SA11_R04.txt,1500,638,12.181,79,57,136,0,0.9921
F05_SA11_R05.txt,1500,667,5.673,8,44,52,1,1.0000
F06_SA11_R01.txt,1500,683,5.941,9,74,83,0,0.9887
F06_SA11_R02.txt,1500,779,3.950,18,39,57,1,1.0000
F06_SA11_R03.txt,1500,673,4.539,12,57,69,1,1.0000
F06_SA11_R04.txt,1500,778,3.893,15,41,56,1,1.0000
F06_SA11_R05.txt,1500,751,3.747,45,31,76,1,1.0000
F07_SA11_R01.txt,1500,655,5.027,19,43,62,1,1.0000
F07_SA11_R02.txt,1500,643,4.070,18,41,59,1,1.0000
F07_SA11_R03.txt,1500,672,5.013,17,36,53,1,1.0000
F07_SA11_R04.txt,1500,600,3.119,26,54,80,1,1.0000
F07_SA11_R05.txt,1500,680,7.016,13,31,44,1,1.0000
F08_SA11_R01.txt,1500,659,6.395,29,68,97,0,0.9966
F08_SA11_R02.txt,1500,797,7.335,36,83,119,0,0.9921
F08_SA11_R03.txt,1500,737,5.805,37,101,138,0,0.8838
F08_SA11_R04.txt,1500,741,5.163,13,38,51,1,1.0000
F08_SA11_R05.txt,1500,718,4.176,43,95,138,0,0.9722
F09_SA11_R01.txt,1500,584,5.623,47,36,83,1,1.0000
F09_SA11_R02.txt,1500,726,6.524,29,52,81,1,1.0000
F09_SA11_R03.txt,1500,761,12.257,38,33,71,1,1.0000
F09_SA11_R04.txt,1500,662,7.348,42,30,72,1,1.0000
F09_SA11_R05.txt,1500,688,7.923,20,35,55,1,1.0000
F10_SA11_R01.txt,1500,453,8.252,14,32,46,1,1.0000
F10_SA11_R02.txt,1500,328,6.407,14,34,48,1,1.0000
F10_SA11_R03.txt,1500,621,2.885,8,19,27,1,1.0000
F10_SA11_R04.txt,1500,629,5.183,38,20,58,1,1.0000
F10_SA11_R05.txt,1500,459,3.779,27,36,63,1,1.0000
F11_SA11_R01.txt,1500,588,5.423,11,51,62,1,1.0000
F11_SA11_R02.txt,1500,544,4.977,17,32,49,1,1.0000
F11_SA11_R03.txt,1500,420,5.353,22,51,73,1,1.0000
F11_SA11_R04.txt,1500,422,5.725,40,58,98,1,1.0000
F11_SA11_R05.txt,1500,696,6.458,12,53,65,1,1.0000
F12_SA11_R01.txt,1500,428,7.002,20,43,63,1,1.0000
F12_SA11_R02.txt,1500,504,6.088,10,40,50,1,1.0000
F12_SA11_R03.txt,1500,546,6.602,10,67,77,0,0.9966
F12_SA11_R04.txt,1500,294,6.129,11,37,48,1,1.0000
F12_SA11_R05.txt,1500,547,5.823,18,36,54,1,1.0000
F13_SA11_R01.txt,1500,436,5.224,16,37,53,1,1.0000
F13_SA11_R02.txt,1500,508,4.157,18,38,56,1,1.0000
F13_SA11_R03.txt,1500,417,3.964,13,34,47,1,1.0000
F13_SA11_R04.txt,1500,337,5.204,17,39,56,1,1.0000
F13_SA11_R05.txt,1500,710,4.367,27,39,66,1,1.0000
F14_SA11_R01.txt,1500,440,3.480,11,23,34,1,1.0000
F14_SA11_R02.txt,1500,611,4.606,15,30,45,1,1.0000
F14_SA11_R03.txt,1500,661,4.810,15,30,45,1,1.0000
F14_SA11_R04.txt,1500,540,6.380,13,30,43,1,1.0000
F14_SA11_R05.txt,1500,657,6.406,14,30,44,1,1.0000
F15_SA11_R01.txt,1500,570,11.114,19,39,58,1,1.0000
F15_SA11_R02.txt,1500,697,11.604,12,33,45,1,1.0000
F15_SA11_R03.txt,1500,463,10.694,18,41,59,1,1.0000
F15_SA11_R04.txt,1500,694,8.957,16,41,57,1,1.0000
F15_SA11_R05.txt,1500,530,8.882,15,42,57,1,1.0000
F01_SA12_R01.txt,1500,736,15.253,29,47,76,1,1.0000
F01_SA12_R02.txt,1500,805,15.757,11,48,59,1,1.0000
F01_SA12_R03.txt,1500,877,4.489,38,39,77,1,1.0000
F01_SA12_R04.txt,1500,915,13.194,30,23,53,1,1.0000
F01_SA12_R05.txt,1500,841,10.373,22,38,60,1,1.0000
F02_SA12_R01.txt,1500,1002,13.152,11,45,56,1,1.0000
F02_SA12_R02.txt,1500,1101,11.535,31,24,55,1,1.0000
F02_SA12_R03.txt,1500,1129,8.807,39,37,76,1,1.0000
F02_SA12_R04.txt,1500,970,10.411,20,49,69,1,1.0000
F02_SA12_R05.txt,1500,1002,6.674,20,21,41,1,1.0000
F03_SA12_R01.txt,1500,861,12.905,22,56,78,1,1.0000
F03_SA12_R02.txt,1500,926,19.894,31,67,98,0,0.9994
F03_SA12_R03.txt,1500,947,8.783,21,43,64,1,1.0000
F03_SA12_R04.txt,1500,974,16.583,32,68,100,0,0.9987
F03_SA12_R05.txt,1500,1155,10.863,20,61,81,1,1.0000
F04_SA12_R01.txt,1500,803,6.925,40,40,80,1,1.0000
F04_SA12_R02.txt,1500,791,7.122,35,30,65,1,1.0000
F04_SA12_R03.txt,1500,898,11.741,51,32,83,1,1.0000
F04_SA12_R04.txt,1500,843,7.274,20,57,77,1,1.0000
F04_SA12_R05.txt,1500,856,10.757,30,58,88,1,1.0000
F05_SA12_R01.txt,1500,375,10.437,54,53,107,1,1.0000
F05_SA12_R02.txt,1500,454,10.377,54,27,81,1,1.0000
F05_SA12_R03.txt,1500,436,8.395,80,46,126,0,0.9612
F05_SA12_R04.txt,1500,419,6.500,39,36,75,1,1.0000
F05_SA12_R05.txt,1500,395,7.420,37,59,96,1,1.0000
F06_SA12_R01.txt,1500,812,12.111,26,63,89,1,1.0000
F06_SA12_R02.txt,1500,951,6.216,26,65,91,0,0.9991
F06_SA12_R03.txt,1500,720,6.879,14,61,75,1,1.0000
F06_SA12_R04.txt,1500,841,5.248,23,69,92,0,0.9928
F06_SA12_R05.txt,1500,814,9.300,22,58,80,1,1.0000
F07_SA12_R01.txt,1500,709,4.772,24,61,85,1,1.0000
F07_SA12_R02.txt,1500,761,8.785,28,50,78,1,1.0000
F07_SA12_R03.txt,1500,681,7.339,21,62,83,1,1.0000
F07_SA12_R04.txt,1500,786,5.909,22,45,67,1,1.0000
F07_SA12_R05.txt,1500,770,6.303,8,35,43,1,1.0000
F08_SA12_R01.txt,1500,633,3.790,24,41,65,1,1.0000
F08_SA12_R02.txt,1500,600,3.492,28,38,66,1,1.0000
F08_SA12_R03.txt,1500,579,4.076,21,74,95,0,0.9891
F08_SA12_R04.txt,1500,525,4.741,13,58,71,1,1.0000
F08_SA12_R05.txt,1500,559,5.624,18,22,40,1,1.0000
F09_SA12_R01.txt,1500,599,10.842,16,44,60,1,1.0000
F09_SA12_R02.txt,1500,558,6.982,13,41,54,1,1.0000
F09_SA12_R03.txt,1500,609,7.126,14,47,61,1,1.0000
F09_SA12_R04.txt,1500,544,5.739,25,45,70,1,1.0000
F09_SA12_R05.txt,1500,578,7.953,16,41,57,1,1.0000
F10_SA12_R01.txt,1500,616,6.524,24,32,56,1,1.0000
F10_SA12_R02.txt,1500,595,5.405,6,26,32,1,1.0000
F10_SA12_R03.txt,1500,567,8.162,14,25,39,1,1.0000
F10_SA12_R04.txt,1500,628,10.750,11,41,52,1,1.0000
F10_SA12_R05.txt,1500,586,9.314,9,39,48,1,1.0000
F11_SA12_R01.txt,1500,570,6.982,12,45,57,1,1.0000
F11_SA12_R02.txt,1500,586,9.411,6,26,32,1,1.0000
F11_SA12_R03.txt,1500,472,11.960,33,48,81,1,1.0000
F11_SA12_R04.txt,1500,480,9.868,7,47,54,1,1.0000
F11_SA12_R05.txt,1500,591,7.199,46,34,80,1,1.0000
F12_SA12_R01.txt,1500,502,6.051,11,41,52,1,1.0000
F12_SA12_R02.txt,1500,523,9.057,24,49,73,1,1.0000
F12_SA12_R03.txt,1500,640,6.098,19,49,68,1,1.0000
F12_SA12_R04.txt,1500,563,7.667,6,42,48,1,1.0000
F12_SA12_R05.txt,1500,638,5.898,18,40,58,1,1.0000
F13_SA12_R01.txt,1500,852,6.233,6,35,41,1,1.0000
F13_SA12_R02.txt,1500,460,5.042,15,34,49,1,1.0000
F13_SA12_R03.txt,1500,586,5.766,14,15,29,1,1.0000
F13_SA12_R04.txt,1500,544,6.700,19,32,51,1,1.0000
F13_SA12_R05.txt,1500,776,5.408,6,33,39,1,1.0000
F14_SA12_R01.txt,1500,433,9.452,19,43,62,1,1.0000
F14_SA12_R02.txt,1500,479,7.825,20,60,80,1,1.0000
F14_SA12_R03.txt,1500,577,8.681,9,43,52,1,1.0000
F14_SA12_R04.txt,1500,584,6.913,14,22,36,1,1.0000
F14_SA12_R05.txt,1500,595,7.029,19,23,42,1,1.0000
F15_SA12_R01.txt,1500,621,7.594,20,41,61,1,1.0000
F15_SA12_R02.txt,1500,652,5.108,13,36,49,1,1.0000
F15_SA12_R03.txt,1500,612,7.877,9,36,45,1,1.0000
F15_SA12_R04.txt,1500,618,9.807,9,41,50,1,1.0000
F15_SA12_R05.txt,1500,616,8.215,18,37,55,1,1.0000
F01_SA13_R01.txt,1500,773,3.976,23,34,57,1,1.0000
F01_SA13_R02.txt,1500,728,4.413,20,39,59,1,1.0000
F01_SA13_R03.txt,1500,734,12.365,27,31,58,1,1.0000
F01_SA13_R04.txt,1500,803,9.532,14,41,55,1,1.0000
F01_SA13_R05.txt,1500,803,7.310,17,17,34,1,1.0000
F02_SA13_R01.txt,1500,1079,5.144,31,54,85,1,1.0000
F02_SA13_R02.txt,1500,1035,8.773,4,60,64,1,1.0000
F02_SA13_R03.txt,1500,1002,12.052,26,46,72,1,1.0000
F02_SA13_R04.txt,1500,1042,5.461,35,42,77,1,1.0000
F02_SA13_R05.txt,1500,1070,4.744,26,39,65,1,1.0000
F03_SA13_R01.txt,1500,864,5.000,11,43,54,1,1.0000
F03_SA13_R02.txt,1500,843,4.610,38,34,72,1,1.0000
F03_SA13_R03.txt,1500,918,4.665,39,45,84,1,1.0000
F03_SA13_R04.txt,1500,73,7.008,2,1,3,1,1.0000
F03_SA13_R05.txt,1500,873,6.169,43,34,77,1,1.0000
F04_SA13_R01.txt,1500,778,11.735,30,73,103,0,0.9977
F04_SA13_R02.txt,1500,765,11.954,25,10,35,1,1.0000
F04_SA13_R03.txt,1500,767,12.191,12,74,86,0,0.9983
F04_SA13_R04.txt,1500,872,6.261,30,70,100,0,0.9952
F04_SA13_R05.txt,1500,812,5.206,31,60,91,1,1.0000
F05_SA13_R01.txt,1500,326,7.113,18,58,76,1,1.0000
F05_SA13_R02.txt,1500,397,5.286,55,35,90,1,1.0000
F05_SA13_R03.txt,1500,423,7.121,51,65,116,0,0.9987
F05_SA13_R04.txt,1500,439,4.705,12,61,73,1,1.0000
F05_SA13_R05.txt,1500,253,5.742,76,168,244,0,0.4480
F06_SA13_R01.txt,1500,890,4.224,67,41,108,0,0.9951
F06_SA13_R02.txt,1500,812,4.593,56,48,104,1,1.0000
F06_SA13_R03.txt,1500,868,3.965,50,50,100,1,1.0000
F06_SA13_R04.txt,1500,721,2.097,55,38,93,1,1.0000
F06_SA13_R05.txt,1500,822,4.722,11,62,73,1,1.0000
F07_SA13_R01.txt,1500,734,9.182,22,40,62,1,1.0000
F07_SA13_R02.txt,1500,730,3.662,23,36,59,1,1.0000
F07_SA13_R03.txt,1500,680,3.859,8,39,47,1,1.0000
F07_SA13_R04.txt,1500,746,3.135,37,47,84,1,1.0000
F07_SA13_R05.txt,1500,648,3.819,39,45,84,1,1.0000
F08_SA13_R01.txt,1500,664,7.717,10,58,68,1,1.0000
F08_SA13_R02.txt,1500,693,5.343,12,67,79,0,0.9971
F08_SA13_R03.txt,1500,642,5.586,17,51,68,1,1.0000
F08_SA13_R04.txt,1500,637,5.930,14,79,93,0,0.9927
F08_SA13_R05.txt,1500,575,6.022,17,94,111,0,0.9929
F09_SA13_R01.txt,1500,481,4.562,31,49,80,1,1.0000
F09_SA13_R02.txt,1500,532,3.768,47,51,98,1,1.0000
F09_SA13_R03.txt,1500,248,3.025,45,31,76,1,1.0000
F09_SA13_R04.txt,1500,590,5.155,50,51,101,1,1.0000
F09_SA13_R05.txt,1500,692,4.376,27,56,83,1,1.0000
F10_SA13_R01.txt,1500,374,5.993,15,11,26,1,1.0000
F10_SA13_R02.txt,1500,416,4.165,30,19,49,1,1.0000
F10_SA13_R03.txt,1500,421,3.644,29,9,38,1,1.0000
F10_SA13_R04.txt,1500,404,5.432,27,13,40,1,1.0000
F10_SA13_R05.txt,1500,255,6.111,25,21,46,1,1.0000
F11_SA13_R01.txt,1500,635,4.663,32,29,61,1,1.0000
F11_SA13_R02.txt,1500,350,2.690,35,37,72,1,1.0000
F11_SA13_R03.txt,1500,423,5.128,23,31,54,1,1.0000
F11_SA13_R04.txt,1500,393,7.137,6,47,53,1,1.0000
F11_SA13_R05.txt,1500,247,4.464,31,34,65,1,1.0000
F12_SA13_R01.txt,1500,322,3.152,64,52,116,1,1.0000
F12_SA13_R02.txt,1500,375,4.646,40,26,66,1,1.0000
F12_SA13_R03.txt,1500,357,5.184,9,34,43,1,1.0000
F12_SA13_R04.txt,1500,370,3.060,34,56,90,1,1.0000
F12_SA13_R05.txt,1500,404,2.738,33,37,70,1,1.0000
F13_SA13_R01.txt,1500,392,6.560,22,12,34,1,1.0000
F13_SA13_R02.txt,1500,632,3.518,26,9,35,1,1.0000
F13_SA13_R03.txt,1500,466,4.121,18,39,57,1,1.0000
F13_SA13_R04.txt,1500,402,3.467,28,23,51,1,1.0000
F13_SA13_R05.txt,1500,536,4.357,22,75,97,0,0.9870
F14_SA13_R01.txt,1500,349,9.674,23,51,74,1,1.0000
F14_SA13_R02.txt,1500,366,9.084,19,65,84,0,0.9993
F14_SA13_R03.txt,1500,304,9.426,17,24,41,1,1.0000
F14_SA13_R04.txt,1500,317,9.123,9,49,58,1,1.0000
F14_SA13_R05.txt,1500,346,6.470,10,26,36,1,1.0000
F15_SA13_R01.txt,1500,337,7.554,15,66,81,0,0.9971
F15_SA13_R02.txt,1500,331,8.882,10,46,56,1,1.0000
F15_SA13_R03.txt,1500,400,7.270,11,70,81,0,0.9943
F15_SA13_R04.txt,1500,412,9.998,11,26,37,1,1.0000
F15_SA13_R05.txt,1500,372,5.263,23,33,56,1,1.0000
F01_SA14_R01.txt,1500,675,4.282,10,21,31,1,1.0000
F01_SA14_R02.txt,1491,654,3.078,63,29,92,1,1.0000
F01_SA14_R03.txt,1500,718,4.758,21,57,78,1,1.0000
F01_SA14_R04.txt,1500,633,6.545,17,69,86,0,0.9205
F01_SA14_R05.txt,1500,631,6.025,19,77,96,0,0.9965
F02_SA14_R01.txt,1500,855,5.209,25,37,62,1,1.0000
F02_SA14_R02.txt,1500,827,7.744,23,49,72,1,1.0000
F02_SA14_R03.txt,1500,782,6.222,26,97,123,0,0.9742
F02_SA14_R04.txt,1500,763,8.550,41,40,81,1,1.0000
F02_SA14_R05.txt,1500,725,4.084,25,44,69,1,1.0000
F03_SA14_R01.txt,1500,335,6.007,25,51,76,1,1.0000
F03_SA14_R02.txt,1500,404,4.991,14,32,46,1,1.0000
F03_SA14_R03.txt,1500,424,3.612,30,46,76,1,1.0000
F03_SA14_R04.txt,1500,449,2.786,49,48,97,1,1.0000
F03_SA14_R05.txt,1500,419,18.138,33,18,51,1,1.0000
F04_SA14_R01.txt,1500,576,3.983,23,31,54,1,1.0000
F04_SA14_R02.txt,1500,517,8.747,28,78,106,0,0.9942
F04_SA14_R03.txt,1500,564,5.362,32,46,78,1,1.0000
F04_SA14_R04.txt,1500,558,4.643,10,72,82,0,0.9942
F04_SA14_R05.txt,1500,566,5.467,19,43,62,1,1.0000
F05_SA14_R01.txt,1500,434,4.466,26,34,60,1,1.0000
F05_SA14_R02.txt,1500,407,3.789,70,87,157,0,0.9390
F05_SA14_R03.txt,1500,455,6.708,47,70,117,0,0.9942
F05_SA14_R04.txt,1500,417,8.621,71,57,128,0,0.9878
F05_SA14_R05.txt,1500,453,9.611,79,70,149,0,0.9374
F06_SA14_R01.txt,1500,705,4.725,44,33,77,1,1.0000
F06_SA14_R02.txt,1491,651,7.531,23,51,74,1,1.0000
F06_SA14_R03.txt,1500,657,3.713,29,45,74,1,1.0000
F06_SA14_R04.txt,1500,661,4.136,52,47,99,1,1.0000
F06_SA14_R05.txt,1500,664,5.360,43,52,95,1,1.0000
F07_SA14_R01.txt,1500,686,6.725,30,60,90,1,1.0000
F07_SA14_R02.txt,1500,701,4.450,30,44,74,1,1.0000
F07_SA14_R03.txt,1500,613,7.334,37,52,89,1,1.0000
F07_SA14_R04.txt,1500,734,5.294,48,42,90,1,1.0000
F07_SA14_R05.txt,1500,680,7.796,33,44,77,1,1.0000
F08_SA14_R01.txt,1500,329,5.103,34,57,91,1,1.0000
F08_SA14_R02.txt,1500,580,4.968,30,55,85,1,1.0000
F08_SA14_R03.txt,1500,513,3.063,45,26,71,1,1.0000
F08_SA14_R04.txt,1500,712,5.159,26,51,77,1,1.0000
F08_SA14_R05.txt,1500,498,3.829,47,48,95,1,1.0000
F09_SA14_R01.txt,1500,486,4.621,39,54,93,1,1.0000
F09_SA14_R02.txt,1500,572,4.024,52,42,94,1,1.0000
F09_SA14_R03.txt,1500,482,3.782,39,66,105,0,0.9931
F09_SA14_R04.txt,1500,422,5.487,39,43,82,1,1.0000
F09_SA14_R05.txt,1500,470,4.220,49,48,97,1,1.0000
F10_SA14_R01.txt,1500,507,3.464,11,14,25,1,1.0000
F10_SA14_R02.txt,1500,382,3.655,17,30,47,1,1.0000
F10_SA14_R03.txt,1500,523,4.231,22,75,97,0,0.9818
F10_SA14_R04.txt,1500,382,5.144,15,43,58,1,1.0000
F10_SA14_R05.txt,1500,454,4.135,22,30,52,1,1.0000
F11_SA14_R01.txt,1500,369,8.065,78,25,103,0,0.9968
F11_SA14_R02.txt,1491,399,6.573,36,22,58,1,1.0000
F11_SA14_R03.txt,1500,544,5.561,41,17,58,1,1.0000
F11_SA14_R04.txt,1500,404,7.531,24,15,39,1,1.0000
F11_SA14_R05.txt,1500,479,15.063,24,26,50,1,1.0000
F12_SA14_R01.txt,1500,395,5.597,39,48,87,1,1.0000
F12_SA14_R02.txt,1500,376,4.052,33,57,90,1,1.0000
F12_SA14_R03.txt,1500,438,4.335,32,21,53,1,1.0000
F12_SA14_R04.txt,1500,357,5.191,34,37,71,1,1.0000
F12_SA14_R05.txt,1500,464,5.712,13,49,62,1,1.0000
F13_SA14_R01.txt,1500,465,13.982,6,45,51,1,1.0000
F13_SA14_R02.txt,1500,449,4.684,21,46,67,1,1.0000
F13_SA14_R03.txt,1500,559,3.795,12,41,53,1,1.0000
F13_SA14_R04.txt,1500,396,3.806,46,39,85,1,1.0000
F13_SA14_R05.txt,1500,443,3.064,26,21,47,1,1.0000
F14_SA14_R01.txt,1500,320,4.194,10,20,30,1,1.0000
F14_SA14_R02.txt,1500,395,3.519,10,15,25,1,1.0000
F14_SA14_R03.txt,1500,454,4.383,12,25,37,1,1.0000
F14_SA14_R04.txt,1500,338,4.379,10,12,22,1,1.0000
F14_SA14_R05.txt,1500,488,4.280,13,17,30,1,1.0000
F15_SA14_R01.txt,1500,406,4.237,9,26,35,1,1.0000
F15_SA14_R02.txt,1500,443,3.912,16,24,40,1,1.0000
F15_SA14_R03.txt,1500,352,7.362,13,29,42,1,1.0000
F15_SA14_R04.txt,1500,319,5.613,5,23,28,1,1.0000
F15_SA14_R05.txt,1500,409,3.817,4,27,31,1,1.0000
F01_SA15_R01.txt,1500,730,4.586,27,36,63,1,1.0000
F01_SA15_R02.txt,1500,729,4.513,32,29,61,1,1.0000
F01_SA15_R03.txt,1500,769,5.900,17,42,59,1,1.0000
F01_SA15_R04.txt,1500,763,4.919,26,41,67,1,1.0000
F01_SA15_R05.txt,1500,716,5.783,22,8,30,1,1.0000
F02_SA15_R01.txt,1500,678,4.054,41,24,65,1,1.0000
F02_SA15_R02.txt,1500,721,15.127,50,28,78,1,1.0000
F02_SA15_R03.txt,1500,753,5.196,32,23,55,1,1.0000
F02_SA15_R04.txt,1500,778,5.155,55,18,73,1,1.0000
F02_SA15_R05.txt,1500,793,4.850,36,19,55,1,1.0000
F03_SA15_R01.txt,1500,713,3.591,29,32,61,1,1.0000
F03_SA15_R02.txt,1500,472,4.474,25,51,76,1,1.0000
F03_SA15_R03.txt,1500,539,4.197,32,56,88,1,1.0000
F03_SA15_R04.txt,1500,585,4.919,22,50,72,1,1.0000
F03_SA15_R05.txt,1500,631,5.196,23,87,110,0,0.9638
F04_SA15_R01.txt,1500,706,4.264,49,32,81,1,1.0000
F04_SA15_R02.txt,1500,684,13.575,5,27,32,1,1.0000
F04_SA15_R03.txt,1500,745,9.665,29,26,55,1,1.0000
F04_SA15_R04.txt,1500,728,9.155,26,20,46,1,1.0000
F04_SA15_R05.txt,1500,729,9.439,6,23,29,1,1.0000
F05_SA15_R01.txt,1500,549,17.147,77,38,115,0,0.9940
F05_SA15_R02.txt,1500,618,10.990,65,43,108,0,0.9971
F05_SA15_R03.txt,1500,553,14.733,62,28,90,1,1.0000
F05_SA15_R04.txt,1500,561,7.673,37,21,58,1,1.0000
F05_SA15_R05.txt,1500,538,8.594,60,38,98,1,1.0000
F06_SA15_R01.txt,1500,760,6.638,26,52,78,1,1.0000
F06_SA15_R02.txt,1500,790,5.777,38,31,69,1,1.0000
F06_SA15_R03.txt,1500,783,9.304,22,36,58,1,1.0000
F06_SA15_R04.txt,1500,800,6.459,31,37,68,1,1.0000
F06_SA15_R05.txt,1500,788,10.958,22,32,54,1,1.0000
F07_SA15_R01.txt,1500,671,4.725,44,15,59,1,1.0000
F07_SA15_R02.txt,1500,698,5.148,41,44,85,1,1.0000
F07_SA15_R03.txt,1500,780,6.001,41,35,76,1,1.0000
F07_SA15_R04.txt,1500,819,4.489,39,84,123,0,0.9942
F07_SA15_R05.txt,1500,825,9.872,32,82,114,0,0.9932
F08_SA15_R01.txt,1500,681,6.641,23,36,59,1,1.0000
F08_SA15_R02.txt,1500,678,4.544,36,37,73,1,1.0000
F08_SA15_R03.txt,1500,739,3.206,31,42,73,1,1.0000
F08_SA15_R04.txt,1500,753,5.364,43,17,60,1,1.0000
F08_SA15_R05.txt,1500,683,3.494,52,19,71,1,1.0000
F09_SA15_R01.txt,1500,549,3.751,34,15,49,1,1.0000
F09_SA15_R02.txt,1500,615,4.469,43,5,48,1,1.0000
F09_SA15_R03.txt,1500,604,4.378,35,31,66,1,1.0000
F09_SA15_R04.txt,1500,613,4.151,35,31,66,1,1.0000
F09_SA15_R05.txt,1500,652,4.260,28,33,61,1,1.0000
F10_SA15_R01.txt,1500,599,5.651,25,34,59,1,1.0000
F10_SA15_R02.txt,1500,1046,3.780,28,24,52,1,1.0000
F10_SA15_R03.txt,1500,619,4.066,8,28,36,1,1.0000
F10_SA15_R04.txt,1500,698,4.924,7,16,23,1,1.0000
F10_SA15_R05.txt,1500,619,4.242,25,31,56,1,1.0000
F11_SA15_R01.txt,1500,578,3.629,29,34,63,1,1.0000
F11_SA15_R02.txt,1500,622,3.398,41,32,73,1,1.0000
F11_SA15_R03.txt,1500,572,2.097,42,5,47,1,1.0000
F11_SA15_R04.txt,1500,531,3.440,48,30,78,1,1.0000
F11_SA15_R05.txt,1500,565,3.694,31,35,66,1,1.0000
F12_SA15_R01.txt,1500,569,4.503,37,22,59,1,1.0000
F12_SA15_R02.txt,1500,548,2.747,37,19,56,1,1.0000
F12_SA15_R03.txt,1500,594,6.198,14,36,50,1,1.0000
F12_SA15_R04.txt,1500,581,2.385,28,56,84,1,1.0000
F12_SA15_R05.txt,1500,469,6.512,22,36,58,1,1.0000
F13_SA15_R01.txt,1500,560,4.684,36,19,55,1,1.0000
F13_SA15_R02.txt,1500,640,4.363,17,29,46,1,1.0000
F13_SA15_R03.txt,1500,637,4.072,25,20,45,1,1.0000
F13_SA15_R04.txt,1500,769,3.613,39,23,62,1,1.0000
F13_SA15_R05.txt,1500,660,5.470,33,32,65,1,1.0000
F14_SA15_R01.txt,1500,500,3.562,13,13,26,1,1.0000
F14_SA15_R02.txt,1500,539,3.686,12,15,27,1,1.0000
F14_SA15_R03.txt,1500,518,3.594,12,14,26,1,1.0000
F14_SA15_R04.txt,1500,586,3.826,14,15,29,1,1.0000
F14_SA15_R05.txt,1500,520,4.205,11,13,24,1,1.0000
F15_SA15_R01.txt,1500,722,4.564,9,17,26,1,1.0000
F15_SA15_R02.txt,1500,665,3.729,7,34,41,1,1.0000
F15_SA15_R03.txt,1500,723,3.891,25,21,46,1,1.0000
F15_SA15_R04.txt,1500,681,5.021,5,14,19,1,1.0000
F15_SA15_R05.txt,1500,706,4.187,8,8,16,1,1.0000
F01_SA16_R01.txt,1500,704,13.115,8,13,21,1,1.0000
F01_SA16_R02.txt,1500,677,6.816,4,36,40,1,1.0000
F01_SA16_R03.txt,1500,594,5.612,20,13,33,1,1.0000
F01_SA16_R04.txt,1500,689,4.199,12,39,51,1,1.0000
F01_SA16_R05.txt,1500,717,17.041,24,27,51,1,1.0000
F02_SA16_R01.txt,1500,618,8.800,38,16,54,1,1.0000
F02_SA16_R02.txt,1500,560,5.160,22,36,58,1,1.0000
F02_SA16_R03.txt,1500,525,8.755,27,17,44,1,1.0000
F02_SA16_R04.txt,1500,475,8.043,21,23,44,1,1.0000
F02_SA16_R05.txt,1500,474,7.696,25,27,52,1,1.0000
F03_SA16_R01.txt,1500,719,10.365,27,19,46,1,1.0000
F03_SA16_R02.txt,1500,639,11.606,39,33,72,1,1.0000
F03_SA16_R03.txt,1500,527,14.617,38,23,61,1,1.0000
F03_SA16_R04.txt,1500,530,10.171,37,29,66,1,1.0000
F03_SA16_R05.txt,1500,640,11.660,33,44,77,1,1.0000
F04_SA16_R01.txt,1500,630,13.503,19,51,70,1,1.0000
F04_SA16_R02.txt,1500,615,8.608,13,65,78,0,0.9993
F04_SA16_R03.txt,1500,560,8.203,22,58,80,1,1.0000
F04_SA16_R04.txt,1500,553,5.557,19,66,85,0,0.9978
F04_SA16_R05.txt,1500,538,6.007,17,61,78,1,1.0000
F05_SA16_R01.txt,1500,505,6.310,74,39,113,0,0.9872
F05_SA16_R02.txt,1500,506,6.333,61,25,86,1,1.0000
F05_SA16_R03.txt,1500,458,5.519,64,29,93,1,1.0000
F05_SA16_R04.txt,1500,470,7.185,52,37,89,1,1.0000
F05_SA16_R05.txt,1500,483,7.609,13,32,45,1,1.0000
F06_SA16_R01.txt,1500,511,8.580,38,48,86,1,1.0000
F06_SA16_R02.txt,1500,703,10.837,8,49,57,1,1.0000
F06_SA16_R03.txt,1500,614,7.395,40,43,83,1,1.0000
F06_SA16_R04.txt,1500,657,4.459,27,50,77,1,1.0000
F06_SA16_R05.txt,1500,664,5.384,22,52,74,1,1.0000
F07_SA16_R01.txt,1500,589,7.175,28,58,86,1,1.0000
F07_SA16_R02.txt,1500,642,11.269,18,41,59,1,1.0000
F07_SA16_R03.txt,1500,652,6.311,24,61,85,1,1.0000
F07_SA16_R04.txt,1500,700,7.982,21,79,100,0,0.9935
F07_SA16_R05.txt,1500,713,11.994,19,64,83,1,0.9998
F08_SA16_R01.txt,1500,674,6.316,35,19,54,1,1.0000
F08_SA16_R02.txt,1500,782,5.740,42,32,74,1,1.0000
F08_SA16_R03.txt,1500,735,7.772,9,63,72,1,1.0000
F08_SA16_R04.txt,1500,600,6.457,8,33,41,1,1.0000
F08_SA16_R05.txt,1500,705,6.219,7,34,41,1,1.0000
F09_SA16_R01.txt,1500,621,11.849,22,45,67,1,1.0000
F09_SA16_R02.txt,1500,699,9.994,22,47,69,1,1.0000
F09_SA16_R03.txt,1500,768,11.130,22,60,82,1,1.0000
F09_SA16_R04.txt,1500,933,14.714,22,49,71,1,1.0000
F09_SA16_R05.txt,1500,811,9.843,26,43,69,1,1.0000
F10_SA16_R01.txt,1500,404,5.710,27,46,73,1,1.0000
F10_SA16_R02.txt,1500,402,6.093,28,20,48,1,1.0000
F10_SA16_R03.txt,1500,378,5.046,14,44,58,1,1.0000
F10_SA16_R04.txt,1500,312,4.825,24,39,63,1,1.0000
F10_SA16_R05.txt,1500,451,4.339,38,22,60,1,1.0000
F11_SA16_R01.txt,1500,297,12.611,5,44,49,1,1.0000
F11_SA16_R02.txt,1500,281,6.355,20,50,70,1,1.0000
F11_SA16_R03.txt,1500,264,10.937,6,41,47,1,1.0000
F11_SA16_R04.txt,1500,268,10.979,27,36,63,1,1.0000
F11_SA16_R05.txt,1500,322,11.674,24,38,62,1,1.0000
F12_SA16_R01.txt,1500,459,10.040,8,51,59,1,1.0000
F12_SA16_R02.txt,1500,443,7.301,13,53,66,1,1.0000
F12_SA16_R03.txt,1500,469,12.577,9,44,53,1,1.0000
F12_SA16_R04.txt,1500,451,8.700,15,40,55,1,1.0000
F12_SA16_R05.txt,1500,459,11.332,22,52,74,1,1.0000
F13_SA16_R01.txt,1500,602,5.093,14,33,47,1,1.0000
F13_SA16_R02.txt,1500,664,5.594,28,31,59,1,1.0000
F13_SA16_R03.txt,1500,726,4.090,16,16,32,1,1.0000
F13_SA16_R04.txt,1500,562,8.033,18,34,52,1,1.0000
F13_SA16_R05.txt,1500,749,5.730,21,33,54,1,1.0000
F14_SA16_R01.txt,1500,650,4.351,11,22,33,1,1.0000
F14_SA16_R02.txt,1500,912,4.188,9,14,23,1,1.0000
F14_SA16_R03.txt,1500,794,4.629,11,33,44,1,1.0000
F14_SA16_R04.txt,1500,852,5.286,9,22,31,1,1.0000
F14_SA16_R05.txt,1500,649,4.327,16,33,49,1,1.0000
F15_SA16_R01.txt,1500,586,2.638,22,18,40,1,1.0000
F15_SA16_R02.txt,1500,829,3.984,22,36,58,1,1.0000
F15_SA16_R03.txt,1500,719,5.457,22,33,55,1,1.0000
F15_SA16_R04.txt,1500,631,7.337,25,37,62,1,1.0000
F15_SA16_R05.txt,1500,539,7.578,32,37,69,1,1.0000
F01_SA17_R01.txt,1500,722,7.449,36,59,95,1,1.0000
F01_SA17_R02.txt,1500,714,13.972,36,56,92,1,1.0000
F01_SA17_R03.txt,1500,737,5.962,41,60,101,1,1.0000
F01_SA17_R04.txt,1500,743,7.060,35,49,84,1,1.0000
F01_SA17_R05.txt,1500,687,14.959,29,48,77,1,1.0000
F02_SA17_R01.txt,1499,880,6.180,49,45,94,1,1.0000
F02_SA17_R02.txt,1500,821,5.538,28,74,102,0,0.9937
F02_SA17_R03.txt,1500,772,10.431,22,67,89,0,0.9985
F02_SA17_R04.txt,1500,684,10.298,17,67,84,0,0.9993
F02_SA17_R05.txt,1500,664,13.849,40,36,76,1,1.0000
F03_SA17_R01.txt,1500,711,19.168,15,32,47,1,1.0000
F03_SA17_R02.txt,1500,817,21.630,18,94,112,0,0.9961
F03_SA17_R03.txt,1500,948,18.285,31,82,113,0,0.9974
F03_SA17_R04.txt,1500,854,11.993,22,63,85,1,1.0000
F03_SA17_R05.txt,1500,1046,14.795,17,67,84,0,0.9990
F04_SA17_R01.txt,1500,583,6.457,30,54,84,1,1.0000
F04_SA17_R02.txt,1500,607,8.023,9,37,46,1,1.0000
F04_SA17_R03.txt,1500,633,7.091,15,58,73,1,1.0000
F04_SA17_R04.txt,1500,676,8.520,35,52,87,1,1.0000
F04_SA17_R05.txt,1500,603,8.134,14,38,52,1,1.0000
F05_SA17_R01.txt,1500,462,8.674,17,88,105,0,0.9832
F05_SA17_R02.txt,1500,474,8.699,43,40,83,1,1.0000
F05_SA17_R03.txt,1500,500,7.597,70,69,139,0,0.9863
F05_SA17_R04.txt,1500,521,8.906,79,61,140,0,0.9840
F05_SA17_R05.txt,1500,499,11.287,26,60,86,1,1.0000
F06_SA17_R01.txt,1500,738,8.190,39,59,98,1,1.0000
F06_SA17_R02.txt,1500,856,6.397,14,59,73,1,1.0000
F06_SA17_R03.txt,1498,679,9.388,34,71,105,0,0.9988
F06_SA17_R04.txt,1500,717,8.207,27,44,71,1,1.0000
F06_SA17_R05.txt,1500,737,9.651,28,24,52,1,1.0000
F07_SA17_R01.txt,1500,673,10.563,17,64,81,1,0.9996
F07_SA17_R02.txt,1500,715,6.639,24,64,88,1,0.9994
F07_SA17_R03.txt,1500,683,8.789,16,65,81,0,0.9986
F07_SA17_R04.txt,1500,677,6.188,47,46,93,1,1.0000
F07_SA17_R05.txt,1500,741,6.073,9,54,63,1,1.0000
F08_SA17_R01.txt,1500,727,10.571,20,44,64,1,1.0000
F08_SA17_R02.txt,1500,766,9.312,12,41,53,1,1.0000
F08_SA17_R03.txt,1500,737,17.740,25,35,60,1,1.0000
F08_SA17_R04.txt,1500,660,8.511,26,36,62,1,1.0000
F08_SA17_R05.txt,1500,715,8.618,15,44,59,1,1.0000
F09_SA17_R01.txt,1500,573,12.763,21,36,57,1,1.0000
F09_SA17_R02.txt,1500,595,13.836,24,46,70,1,1.0000
F09_SA17_R03.txt,1500,632,15.920,23,35,58,1,1.0000
F09_SA17_R04.txt,1500,613,16.775,22,32,54,1,1.0000
F09_SA17_R05.txt,1500,678,16.152,16,42,58,1,1.0000
F10_SA17_R01.txt,1500,415,6.139,17,35,52,1,1.0000
F10_SA17_R02.txt,1500,383,6.780,19,44,63,1,1.0000
F10_SA17_R03.txt,1500,429,11.468,18,39,57,1,1.0000
F10_SA17_R04.txt,1500,379,9.062,12,36,48,1,1.0000
F10_SA17_R05.txt,1500,357,8.306,13,35,48,1,1.0000
F11_SA17_R01.txt,1500,329,11.655,5,20,25,1,1.0000
F11_SA17_R02.txt,1500,338,10.060,29,82,111,0,0.9979
F11_SA17_R03.txt,1500,480,11.724,5,25,30,1,1.0000
F11_SA17_R04.txt,1500,351,9.691,19,43,62,1,1.0000
F11_SA17_R05.txt,1500,303,13.917,5,33,38,1,1.0000
F12_SA17_R01.txt,1500,394,17.501,6,51,57,1,1.0000
F12_SA17_R02.txt,1500,446,14.131,7,49,56,1,1.0000
F12_SA17_R03.txt,1500,513,13.551,19,58,77,1,1.0000
F12_SA17_R04.txt,1500,336,15.244,6,43,49,1,1.0000
F12_SA17_R05.txt,1500,435,15.695,5,54,59,1,1.0000
F13_SA17_R01.txt,1500,411,3.902,9,14,23,1,1.0000
F13_SA17_R02.txt,1500,701,4.091,18,17,35,1,1.0000
F13_SA17_R03.txt,1500,663,5.089,17,16,33,1,1.0000
F13_SA17_R04.txt,1500,600,5.618,11,21,32,1,1.0000
F13_SA17_R05.txt,1500,667,6.476,4,17,21,1,1.0000
F14_SA17_R01.txt,1500,465,3.827,9,24,33,1,1.0000
F14_SA17_R02.txt,1500,530,5.120,9,49,58,1,1.0000
F14_SA17_R03.txt,1500,605,5.772,12,42,54,1,1.0000
F14_SA17_R04.txt,1500,717,5.552,12,60,72,1,1.0000
F14_SA17_R05.txt,1500,714,7.495,13,44,57,1,1.0000
F15_SA17_R01.txt,1500,522,4.064,14,36,50,1,1.0000
F15_SA17_R02.txt,1500,798,4.371,19,38,57,1,1.0000
F15_SA17_R03.txt,1500,769,5.506,11,38,49,1,1.0000
F15_SA17_R04.txt,1500,387,4.293,19,32,51,1,1.0000
F15_SA17_R05.txt,1500,635,8.225,15,38,53,1,1.0000
F01_SA18_R01.txt,1500,720,22.615,7,28,35,1,1.0000
F01_SA18_R02.txt,1500,512,16.389,15,24,39,1,1.0000
F01_SA18_R03.txt,1500,651,15.044,12,30,42,1,1.0000
F01_SA18_R04.txt,1500,609,10.871,21,32,53,1,1.0000
F01_SA18_R05.txt,1500,591,7.351,27,19,46,1,1.0000
F02_SA18_R01.txt,1500,678,10.861,39,30,69,1,1.0000
F02_SA18_R02.txt,1500,717,7.343,41,30,71,1,1.0000
F02_SA18_R03.txt,1500,705,7.136,54,14,68,1,1.0000
F02_SA18_R04.txt,1500,706,5.724,50,18,68,1,1.0000
F02_SA18_R05.txt,1500,683,7.351,38,32,70,1,1.0000
F03_SA18_R01.txt,1500,501,11.035,5,45,50,1,1.0000
F03_SA18_R02.txt,1500,610,12.783,8,53,61,1,1.0000
F03_SA18_R03.txt,1500,596,11.032,9,36,45,1,1.0000
F03_SA18_R04.txt,1500,599,15.220,5,62,67,1,1.0000
F03_SA18_R05.txt,1500,614,8.759,61,42,103,1,1.0000
F04_SA18_R01.txt,1500,622,5.991,21,22,43,1,1.0000
F04_SA18_R02.txt,1500,548,8.485,12,13,25,1,1.0000
F04_SA18_R03.txt,1500,559,7.477,12,52,64,1,1.0000
F04_SA18_R04.txt,1500,589,6.822,20,49,69,1,1.0000
F04_SA18_R05.txt,1500,597,5.816,15,48,63,1,1.0000
F05_SA18_R01.txt,1500,516,9.554,20,50,70,1,1.0000
F05_SA18_R02.txt,1500,551,8.087,23,49,72,1,1.0000
F05_SA18_R03.txt,1500,583,10.645,73,34,107,0,0.9871
F05_SA18_R04.txt,1500,659,9.354,30,43,73,1,1.0000
F05_SA18_R05.txt,1500,633,12.961,18,42,60,1,1.0000
F06_SA18_R01.txt,1500,721,5.651,8,21,29,1,1.0000
F06_SA18_R02.txt,1500,692,8.091,8,28,36,1,1.0000
F06_SA18_R03.txt,1500,757,8.004,29,58,87,1,1.0000
F06_SA18_R04.txt,1500,680,5.400,37,48,85,1,1.0000
F06_SA18_R05.txt,1500,826,5.096,33,46,79,1,1.0000
F07_SA18_R01.txt,1500,784,11.729,8,51,59,1,1.0000
F07_SA18_R02.txt,1500,693,9.750,13,39,52,1,1.0000
F07_SA18_R03.txt,1500,733,6.311,25,45,70,1,1.0000
F07_SA18_R04.txt,1500,733,4.509,17,48,65,1,1.0000
F07_SA18_R05.txt,1500,638,6.675,28,41,69,1,1.0000
F08_SA18_R01.txt,1500,710,3.928,33,45,78,1,1.0000
F08_SA18_R02.txt,1500,628,4.512,36,47,83,1,1.0000
F08_SA18_R03.txt,1500,604,4.165,49,40,89,1,1.0000
F08_SA18_R04.txt,1500,662,5.027,10,43,53,1,1.0000
F08_SA18_R05.txt,1500,634,4.521,46,49,95,1,1.0000
F09_SA18_R01.txt,1500,520,7.350,30,43,73,1,1.0000
F09_SA18_R02.txt,1500,614,7.576,27,31,58,1,1.0000
F09_SA18_R03.txt,1500,641,4.466,38,42,80,1,1.0000
F09_SA18_R04.txt,1500,631,6.813,32,13,45,1,1.0000
F09_SA18_R05.txt,1500,659,7.745,23,33,56,1,1.0000
F10_SA18_R01.txt,1500,555,3.111,24,28,52,1,1.0000
F10_SA18_R02.txt,1500,653,5.704,23,36,59,1,1.0000
F10_SA18_R03.txt,1500,650,8.871,21,28,49,1,1.0000
F10_SA18_R04.txt,1500,707,11.123,25,29,54,1,1.0000
F10_SA18_R05.txt,1500,730,10.944,26,33,59,1,1.0000
F11_SA18_R01.txt,1500,448,3.950,14,50,64,1,1.0000
F11_SA18_R02.txt,1500,565,3.029,10,22,32,1,1.0000
F11_SA18_R03.txt,1500,543,3.305,59,45,104,1,1.0000
F11_SA18_R04.txt,1500,661,4.104,12,41,53,1,1.0000
F11_SA18_R05.txt,1500,576,4.390,13,28,41,1,1.0000
F12_SA18_R01.txt,1500,494,5.665,11,21,32,1,1.0000
F12_SA18_R02.txt,1500,557,5.293,27,33,60,1,1.0000
F12_SA18_R03.txt,1500,563,4.753,10,29,39,1,1.0000
F12_SA18_R04.txt,1500,560,6.300,7,17,24,1,1.0000
F12_SA18_R05.txt,1500,572,5.873,13,12,25,1,1.0000
F13_SA18_R01.txt,1500,563,5.513,19,21,40,1,1.0000
F13_SA18_R02.txt,1500,638,4.504,26,20,46,1,1.0000
F13_SA18_R03.txt,1500,721,2.490,10,35,45,1,1.0000
F13_SA18_R04.txt,1500,693,2.296,39,3,42,1,1.0000
F13_SA18_R05.txt,1500,645,6.515,12,25,37,1,1.0000
F14_SA18_R01.txt,1500,637,6.455,17,13,30,1,1.0000
F14_SA18_R02.txt,1500,506,6.505,11,26,37,1,1.0000
F14_SA18_R03.txt,1500,487,9.577,14,62,76,1,1.0000
F14_SA18_R04.txt,1500,502,8.802,13,25,38,1,1.0000
F14_SA18_R05.txt,1500,505,8.332,11,33,44,1,1.0000
F15_SA18_R01.txt,1500,593,6.960,18,28,46,1,1.0000
F15_SA18_R02.txt,1500,580,4.768,18,30,48,1,1.0000
F15_SA18_R03.txt,1500,700,6.474,15,29,44,1,1.0000
F15_SA18_R04.txt,1500,587,6.991,17,36,53,1,1.0000
F15_SA18_R05.txt,1500,675,6.717,9,39,48,1,1.0000
F01_SA19_R01.txt,1500,645,3.943,10,64,74,1,0.9998
F01_SA19_R02.txt,1500,638,4.869,20,57,77,1,1.0000
F01_SA19_R03.txt,1500,597,5.512,15,66,81,0,0.9946
F01_SA19_R04.txt,1500,725,3.604,34,61,95,1,1.0000
F01_SA19_R05.txt,1500,651,6.643,17,55,72,1,1.0000
F02_SA19_R01.txt,1500,670,10.093,33,42,75,1,1.0000
F02_SA19_R02.txt,1500,887,11.641,27,33,60,1,1.0000
F02_SA19_R03.txt,1500,794,7.220,35,56,91,1,1.0000
F02_SA19_R04.txt,1500,799,10.705,32,42,74,1,1.0000
F02_SA19_R05.txt,1500,871,14.928,33,37,70,1,1.0000
F03_SA19_R01.txt,1500,616,16.566,23,31,54,1,1.0000
F03_SA19_R02.txt,1500,597,14.189,4,51,55,1,1.0000
F03_SA19_R03.txt,1500,618,15.585,30,49,79,1,1.0000
F03_SA19_R04.txt,1500,687,10.528,29,34,63,1,1.0000
F03_SA19_R05.txt,1500,656,11.271,36,59,95,1,1.0000
F04_SA19_R01.txt,1500,609,7.807,9,46,55,1,1.0000
F04_SA19_R02.txt,1500,731,9.964,16,60,76,1,1.0000
F04_SA19_R03.txt,1499,743,5.821,17,42,59,1,1.0000
F04_SA19_R04.txt,1500,798,5.866,28,54,82,1,1.0000
F04_SA19_R05.txt,1500,851,7.792,32,43,75,1,1.0000
F05_SA19_R01.txt,1500,542,12.450,65,53,118,0,0.9986
F05_SA19_R02.txt,1500,675,18.040,24,43,67,1,1.0000
F05_SA19_R03.txt,1500,627,12.580,23,51,74,1,1.0000
F05_SA19_R04.txt,1500,773,11.497,15,46,61,1,1.0000
F05_SA19_R05.txt,1500,656,9.256,30,53,83,1,1.0000
F06_SA19_R01.txt,1500,633,4.038,29,35,64,1,1.0000
F06_SA19_R02.txt,1500,727,4.992,32,38,70,1,1.0000
F06_SA19_R03.txt,1500,688,4.166,68,54,122,0,0.9947
F06_SA19_R04.txt,1500,745,4.423,22,12,34,1,1.0000
F06_SA19_R05.txt,1500,771,4.376,25,56,81,1,1.0000
F07_SA19_R01.txt,1500,605,3.074,33,40,73,1,1.0000
F07_SA19_R02.txt,1500,643,5.129,30,42,72,1,1.0000
F07_SA19_R03.txt,1500,712,2.349,38,9,47,1,1.0000
F07_SA19_R04.txt,1500,686,3.225,39,35,74,1,1.0000
F07_SA19_R05.txt,1500,621,3.942,36,49,85,1,1.0000
F08_SA19_R01.txt,1499,540,3.473,52,42,94,1,1.0000
F08_SA19_R02.txt,1500,617,7.061,5,12,17,1,1.0000
F08_SA19_R03.txt,1500,628,3.678,48,12,60,1,1.0000
F08_SA19_R04.txt,1500,671,4.933,41,38,79,1,1.0000
F08_SA19_R05.txt,1500,652,4.316,49,37,86,1,1.0000
F09_SA19_R01.txt,1500,596,6.018,21,63,84,1,1.0000
F09_SA19_R02.txt,1500,624,5.797,23,56,79,1,1.0000
F09_SA19_R03.txt,1500,738,5.977,23,16,39,1,1.0000
F09_SA19_R04.txt,1500,563,6.957,17,29,46,1,1.0000
F09_SA19_R05.txt,1500,689,6.757,24,37,61,1,1.0000
F10_SA19_R01.txt,1500,628,2.608,23,33,56,1,1.0000
F10_SA19_R02.txt,1500,659,3.323,6,18,24,1,1.0000
F10_SA19_R03.txt,1500,602,5.497,8,15,23,1,1.0000
F10_SA19_R04.txt,1500,702,2.742,16,17,33,1,1.0000
F10_SA19_R05.txt,1500,557,4.599,6,25,31,1,1.0000
F11_SA19_R01.txt,1500,654,8.713,21,63,84,1,1.0000
F11_SA19_R02.txt,1500,527,8.901,19,44,63,1,1.0000
F11_SA19_R03.txt,1500,575,7.307,15,52,67,1,1.0000
F11_SA19_R04.txt,1500,616,7.156,22,29,51,1,1.0000
F11_SA19_R05.txt,1500,659,6.146,11,45,56,1,1.0000
F12_SA19_R01.txt,1500,564,7.059,47,51,98,1,1.0000
F12_SA19_R02.txt,1500,526,4.953,60,53,113,1,1.0000
F12_SA19_R03.txt,1500,546,7.430,18,49,67,1,1.0000
F12_SA19_R04.txt,1499,557,4.182,30,54,84,1,1.0000
F12_SA19_R05.txt,1500,603,3.322,62,30,92,1,1.0000
F13_SA19_R01.txt,1500,643,3.665,11,16,27,1,1.0000
F13_SA19_R02.txt,1500,730,4.520,19,23,42,1,1.0000
F13_SA19_R03.txt,1500,807,3.035,19,25,44,1,1.0000
F13_SA19_R04.txt,1500,643,4.437,20,46,66,1,1.0000
F13_SA19_R05.txt,1500,600,4.871,8,42,50,1,1.0000
F14_SA19_R01.txt,1500,446,6.560,16,37,53,1,1.0000
F14_SA19_R02.txt,1500,569,7.789,10,33,43,1,1.0000
F14_SA19_R03.txt,1500,522,8.239,10,53,63,1,1.0000
F14_SA19_R04.txt,1500,660,7.657,20,52,72,1,1.0000
F14_SA19_R05.txt,1500,470,7.248,7,36,43,1,1.0000
F15_SA19_R01.txt,1500,571,6.101,16,52,68,1,1.0000
F15_SA19_R02.txt,1500,610,5.795,15,46,61,1,1.0000
F15_SA19_R03.txt,1500,551,7.005,16,46,62,1,1.0000
F15_SA19_R04.txt,1500,494,6.371,14,42,56,1,1.0000
F15_SA19_R05.txt,1500,641,5.355,12,24,36,1,1.0000
F01_SA20_R01.txt,1500,587,16.029,20,61,81,1,1.0000
F01_SA20_R02.txt,1500,892,20.994,16,49,65,1,1.0000
F01_SA20_R04.txt,1500,1122,8.015,30,52,82,1,1.0000
F01_SA20_R05.txt,1500,808,13.712,25,27,52,1,1.0000
F02_SA20_R01.txt,1500,755,5.471,48,24,72,1,1.0000
F02_SA20_R02.txt,1500,1024,6.955,16,57,73,1,1.0000
F02_SA20_R03.txt,1500,997,5.565,21,62,83,1,1.0000
F02_SA20_R04.txt,1500,928,10.410,39,40,79,1,1.0000
F02_SA20_R05.txt,1500,790,5.103,23,43,66,1,1.0000
F03_SA20_R01.txt,1500,846,5.566,16,66,82,0,0.9967
F03_SA20_R02.txt,1500,836,18.592,25,54,79,1,1.0000
F03_SA20_R03.txt,1500,920,12.409,29,48,77,1,1.0000
F03_SA20_R04.txt,1500,1063,9.819,27,50,77,1,1.0000
F03_SA20_R05.txt,1500,827,14.717,16,60,76,1,1.0000
F04_SA20_R01.txt,1500,672,10.059,29,38,67,1,1.0000
F04_SA20_R02.txt,1500,749,13.299,27,15,42,1,1.0000
F04_SA20_R03.txt,1500,807,20.655,26,50,76,1,1.0000
F04_SA20_R04.txt,1500,774,13.771,36,51,87,1,1.0000
F04_SA20_R05.txt,1500,700,18.095,28,36,64,1,1.0000
F05_SA20_R01.txt,1500,519,16.944,59,36,95,1,1.0000
F05_SA20_R02.txt,1500,441,6.916,79,37,116,0,0.9539
F05_SA20_R03.txt,1500,412,18.898,43,58,101,1,1.0000
F05_SA20_R04.txt,1500,454,6.846,80,45,125,0,0.9210
F05_SA20_R05.txt,1500,564,17.196,75,68,143,0,0.9784
F06_SA20_R01.txt,1500,821,4.319,29,55,84,1,1.0000
F06_SA20_R02.txt,1500,876,10.428,33,58,91,1,1.0000
F06_SA20_R03.txt,1500,837,11.107,24,103,127,0,0.9890
F06_SA20_R04.txt,1500,874,3.052,39,54,93,1,1.0000
F06_SA20_R05.txt,1500,951,9.962,35,82,117,0,0.9917
F07_SA20_R01.txt,1500,817,6.877,26,70,96,0,0.9878
F07_SA20_R02.txt,1500,866,4.395,46,64,110,1,0.9994
F07_SA20_R03.txt,1500,889,6.350,26,83,109,0,0.9842
F07_SA20_R04.txt,1500,953,6.167,19,81,100,0,0.9658
F07_SA20_R05.txt,1500,812,3.963,40,47,87,1,1.0000
F08_SA20_R01.txt,1500,730,6.882,55,35,90,1,1.0000
F08_SA20_R02.txt,1500,611,9.442,8,36,44,1,1.0000
F08_SA20_R03.txt,1500,748,21.955,4,37,41,1,1.0000
F08_SA20_R04.txt,1500,874,9.456,3,37,40,1,1.0000
F08_SA20_R05.txt,1500,706,18.554,25,38,63,1,1.0000
F09_SA20_R01.txt,1500,536,7.340,17,33,50,1,1.0000
F09_SA20_R02.txt,1500,617,6.923,19,47,66,1,1.0000
F09_SA20_R03.txt,1500,664,4.519,27,29,56,1,1.0000
F09_SA20_R04.txt,1500,536,5.739,22,51,73,1,1.0000
F09_SA20_R05.txt,1500,629,4.624,29,45,74,1,1.0000
F10_SA20_R01.txt,1500,514,7.081,15,38,53,1,1.0000
F10_SA20_R02.txt,1500,568,8.961,17,11,28,1,1.0000
F10_SA20_R03.txt,1500,579,10.533,11,36,47,1,1.0000
F10_SA20_R05.txt,1500,552,10.058,12,39,51,1,1.0000
F11_SA20_R01.txt,1500,569,7.296,27,41,68,1,1.0000
F11_SA20_R02.txt,1500,558,7.627,25,37,62,1,1.0000
F11_SA20_R03.txt,1500,523,6.630,28,34,62,1,1.0000
F11_SA20_R04.txt,1500,795,8.362,29,34,63,1,1.0000
F11_SA20_R05.txt,1500,764,4.475,57,49,106,1,1.0000
F12_SA20_R01.txt,1500,465,9.635,11,49,60,1,1.0000
F12_SA20_R02.txt,1500,503,7.089,18,33,51,1,1.0000
F12_SA20_R03.txt,1500,540,7.235,24,45,69,1,1.0000
F12_SA20_R04.txt,1500,615,7.518,21,37,58,1,1.0000
F12_SA20_R05.txt,1500,599,4.716,25,23,48,1,1.0000
F13_SA20_R01.txt,1500,806,3.598,8,24,32,1,1.0000
F13_SA20_R02.txt,1500,667,4.689,11,27,38,1,1.0000
F13_SA20_R03.txt,1500,696,3.790,29,22,51,1,1.0000
F13_SA20_R04.txt,1500,615,5.718,14,20,34,1,1.0000
F13_SA20_R05.txt,1500,532,3.125,22,17,39,1,1.0000
F14_SA20_R01.txt,1500,458,7.917,11,45,56,1,1.0000
F14_SA20_R02.txt,1500,294,5.676,8,23,31,1,1.0000
F14_SA20_R03.txt,1500,401,7.806,7,46,53,1,1.0000
F14_SA20_R04.txt,1500,517,7.591,15,59,74,1,1.0000
F14_SA20_R05.txt,1500,585,5.545,20,15,35,1,1.0000
F15_SA20_R01.txt,1500,544,3.379,28,40,68,1,1.0000
F15_SA20_R02.txt,1500,496,6.412,18,55,73,1,1.0000
F15_SA20_R03.txt,1500,447,5.576,21,39,60,1,1.0000
F15_SA20_R04.txt,1500,506,3.594,28,37,65,1,1.0000
F15_SA20_R05.txt,1500,477,13.681,15,36,51,1,1.0000
F01_SA21_R01.txt,1500,646,24.383,8,33,41,1,1.0000
F01_SA21_R02.txt,1500,625,9.303,21,23,44,1,1.0000
F01_SA21_R03.txt,1500,571,15.174,25,13,38,1,1.0000
F01_SA21_R04.txt,1500,665,4.368,11,42,53,1,1.0000
F01_SA21_R05.txt,1500,704,7.085,24,58,82,1,1.0000
F02_SA21_R01.txt,1500,781,8.016,55,78,133,0,0.9925
F02_SA21_R02.txt,1500,848,16.433,31,17,48,1,1.0000
F02_SA21_R03.txt,1500,1141,11.087,32,70,102,0,0.9963
F02_SA21_R04.txt,1500,882,11.401,29,46,75,1,1.0000
F02_SA21_R05.txt,1500,684,19.300,39,62,101,1,1.0000
F03_SA21_R01.txt,1500,673,13.834,4,91,95,0,0.9764
F03_SA21_R02.txt,1500,726,6.788,36,17,53,1,1.0000
F03_SA21_R03.txt,1500,689,8.285,34,18,52,1,1.0000
F03_SA21_R04.txt,1500,651,18.748,31,83,114,0,0.9986
F03_SA21_R05.txt,1500,627,5.585,34,67,101,0,0.9973
F04_SA21_R01.txt,1500,642,18.237,24,57,81,1,1.0000
F04_SA21_R02.txt,1500,826,6.554,22,35,57,1,1.0000
F04_SA21_R03.txt,1500,651,9.697,12,38,50,1,1.0000
F04_SA21_R04.txt,1500,735,13.969,25,30,55,1,1.0000
F04_SA21_R05.txt,1500,629,11.327,39,25,64,1,1.0000
F05_SA21_R01.txt,1500,580,17.401,14,43,57,1,1.0000
F05_SA21_R02.txt,1500,586,12.222,75,25,100,0,0.9761
F05_SA21_R03.txt,1500,589,4.908,73,26,99,0,0.9787
F05_SA21_R04.txt,1500,585,8.372,20,36,56,1,1.0000
F05_SA21_R05.txt,1500,575,4.569,22,40,62,1,1.0000
F06_SA21_R01.txt,1500,659,6.347,21,30,51,1,1.0000
F06_SA21_R02.txt,1500,657,10.059,40,65,105,0,0.9991
F06_SA21_R03.txt,1500,769,8.062,10,83,93,0,0.9850
F06_SA21_R04.txt,1500,1040,18.623,29,33,62,1,1.0000
F06_SA21_R05.txt,1500,952,9.826,31,27,58,1,1.0000
F07_SA21_R01.txt,1500,882,2.642,22,42,64,1,1.0000
F07_SA21_R02.txt,1500,1006,7.276,8,65,73,0,0.9986
F07_SA21_R03.txt,1500,977,4.682,15,67,82,0,0.9943
F07_SA21_R04.txt,1500,909,7.282,21,67,88,0,0.9952
F07_SA21_R05.txt,1500,1067,10.447,28,75,103,0,0.9944
F08_SA21_R01.txt,1500,556,3.078,34,27,61,1,1.0000
F08_SA21_R02.txt,1500,590,9.296,14,34,48,1,1.0000
F08_SA21_R03.txt,1500,719,3.042,19,13,32,1,1.0000
F08_SA21_R04.txt,1500,617,8.550,10,35,45,1,1.0000
F08_SA21_R05.txt,1500,718,5.549,10,74,84,0,0.9889
F09_SA21_R01.txt,1500,501,7.687,22,55,77,1,1.0000
F09_SA21_R02.txt,1500,791,13.895,10,69,79,0,0.9978
F09_SA21_R03.txt,1500,669,12.532,27,61,88,1,1.0000
F09_SA21_R04.txt,1500,610,9.396,18,98,116,0,0.9811
F09_SA21_R05.txt,1500,699,9.690,29,34,63,1,1.0000
F10_SA21_R01.txt,1500,667,3.304,23,35,58,1,1.0000
F10_SA21_R02.txt,1500,620,8.558,6,32,38,1,1.0000
F10_SA21_R03.txt,1500,522,6.075,5,50,55,1,1.0000
F10_SA21_R04.txt,1500,624,7.775,10,36,46,1,1.0000
F10_SA21_R05.txt,1500,623,5.092,12,16,28,1,1.0000
F11_SA21_R01.txt,1500,572,3.471,17,35,52,1,1.0000
F11_SA21_R02.txt,1500,744,5.143,21,34,55,1,1.0000
F11_SA21_R03.txt,1500,492,4.089,72,36,108,0,0.9904
F11_SA21_R04.txt,1500,587,6.134,20,36,56,1,1.0000
F11_SA21_R05.txt,1500,564,6.229,18,28,46,1,1.0000
F12_SA21_R01.txt,1500,564,4.678,51,65,116,0,0.9962
F12_SA21_R02.txt,1500,656,9.907,9,28,37,1,1.0000
F12_SA21_R03.txt,1500,575,6.141,11,71,82,0,0.9779
F12_SA21_R04.txt,1500,493,10.894,8,87,95,0,0.9914
F12_SA21_R05.txt,1500,628,12.791,6,91,97,0,0.9779
F13_SA21_R01.txt,1500,437,2.826,15,22,37,1,1.0000
F13_SA21_R02.txt,1500,588,2.320,26,21,47,1,1.0000
F13_SA21_R03.txt,1500,438,3.888,9,18,27,1,1.0000
F13_SA21_R04.txt,1500,583,4.077,22,23,45,1,1.0000
F13_SA21_R05.txt,1500,557,2.824,19,21,40,1,1.0000
F14_SA21_R01.txt,1500,476,6.939,10,19,29,1,1.0000
F14_SA21_R02.txt,1500,541,6.246,8,20,28,1,1.0000
F14_SA21_R03.txt,1500,465,6.817,10,11,21,1,1.0000
F14_SA21_R04.txt,1500,477,5.851,8,35,43,1,1.0000
F14_SA21_R05.txt,1500,639,5.995,12,33,45,1,1.0000
F15_SA21_R01.txt,1500,511,3.844,27,10,37,1,1.0000
F15_SA21_R02.txt,1500,496,3.894,8,25,33,1,1.0000
F15_SA21_R03.txt,1500,442,11.085,14,29,43,1,1.0000
F15_SA21_R04.txt,1500,386,2.710,7,39,46,1,1.0000
F15_SA21_R05.txt,1500,543,3.763,7,28,35,1,1.0000
F01_SA22_R01.txt,1500,705,11.669,23,51,74,1,1.0000
F01_SA22_R02.txt,1500,740,4.823,25,41,66,1,1.0000
F01_SA22_R03.txt,1500,749,8.013,31,52,83,1,1.0000
F01_SA22_R04.txt,1500,733,12.629,22,15,37,1,1.0000
F01_SA22_R05.txt,1500,758,10.858,28,24,52,1,1.0000
F02_SA22_R01.txt,1500,830,11.635,48,47,95,1,1.0000
F02_SA22_R02.txt,1500,764,9.267,9,32,41,1,1.0000
F02_SA22_R03.txt,1500,765,11.530,39,41,80,1,1.0000
F02_SA22_R04.txt,1500,650,13.439,21,51,72,1,1.0000
F02_SA22_R05.txt,1500,693,14.603,30,34,64,1,1.0000
F03_SA22_R01.txt,1500,880,7.034,33,50,83,1,1.0000
F03_SA22_R02.txt,1500,549,11.875,20,32,52,1,1.0000
F03_SA22_R03.txt,1500,659,8.625,27,44,71,1,1.0000
F03_SA22_R04.txt,1499,591,5.625,8,77,85,0,0.9898
F03_SA22_R05.txt,1500,687,5.390,28,25,53,1,1.0000
F04_SA22_R01.txt,1500,700,4.601,13,73,86,0,0.9906
F04_SA22_R02.txt,1500,706,3.039,9,53,62,1,1.0000
F04_SA22_R03.txt,1500,780,9.245,62,38,100,1,1.0000
F04_SA22_R04.txt,1500,938,10.896,21,15,36,1,1.0000
F04_SA22_R05.txt,1500,880,5.820,13,30,43,1,1.0000
F05_SA22_R01.txt,1500,429,4.659,9,44,53,1,1.0000
F05_SA22_R02.txt,1500,396,10.836,38,35,73,1,1.0000
F05_SA22_R03.txt,1500,429,10.324,55,25,80,1,1.0000
F05_SA22_R04.txt,1500,444,6.360,12,42,54,1,1.0000
F05_SA22_R05.txt,1500,387,8.948,37,42,79,1,1.0000
F06_SA22_R01.txt,1500,761,6.884,18,50,68,1,1.0000
F06_SA22_R02.txt,1500,861,6.387,20,44,64,1,1.0000
F06_SA22_R03.txt,1500,928,5.880,20,67,87,0,0.9944
F06_SA22_R04.txt,1500,784,6.397,54,33,87,1,1.0000
F06_SA22_R05.txt,1500,888,7.894,31,46,77,1,1.0000
F07_SA22_R01.txt,1500,747,9.656,9,46,55,1,1.0000
F07_SA22_R02.txt,1500,605,6.427,13,43,56,1,1.0000
F07_SA22_R03.txt,1500,783,5.375,11,49,60,1,1.0000
F07_SA22_R04.txt,1500,743,8.576,20,56,76,1,1.0000
F07_SA22_R05.txt,1500,730,4.470,17,14,31,1,1.0000
F08_SA22_R01.txt,1500,831,5.810,13,42,55,1,1.0000
F08_SA22_R02.txt,1500,708,4.100,14,42,56,1,1.0000
F08_SA22_R03.txt,1500,637,4.937,10,40,50,1,1.0000
F08_SA22_R04.txt,1500,604,3.886,8,42,50,1,1.0000
F08_SA22_R05.txt,1500,623,6.237,21,44,65,1,1.0000
F09_SA22_R01.txt,1500,562,3.957,29,15,44,1,1.0000
F09_SA22_R02.txt,1500,626,4.259,36,40,76,1,1.0000
F09_SA22_R03.txt,1500,600,5.336,10,35,45,1,1.0000
F09_SA22_R04.txt,1500,467,6.770,13,15,28,1,1.0000
F09_SA22_R05.txt,1500,632,5.209,16,40,56,1,1.0000
F10_SA22_R01.txt,1500,710,11.003,4,47,51,1,1.0000
F10_SA22_R02.txt,1500,610,7.777,19,25,44,1,1.0000
F10_SA22_R03.txt,1500,629,10.008,21,24,45,1,1.0000
F10_SA22_R04.txt,1500,646,5.093,15,43,58,1,1.0000
F10_SA22_R05.txt,1500,722,8.111,13,48,61,1,1.0000
F11_SA22_R01.txt,1500,660,4.440,22,49,71,1,1.0000
F11_SA22_R02.txt,1500,653,5.312,10,47,57,1,1.0000
F11_SA22_R03.txt,1500,760,6.897,12,68,80,0,0.9970
F11_SA22_R04.txt,1500,621,5.348,15,59,74,1,1.0000
F11_SA22_R05.txt,1500,682,8.053,17,63,80,1,1.0000
F12_SA22_R01.txt,1500,524,6.300,10,42,52,1,1.0000
F12_SA22_R02.txt,1500,662,3.812,12,46,58,1,1.0000
F12_SA22_R03.txt,1500,705,4.614,12,36,48,1,1.0000
F12_SA22_R04.txt,1500,656,4.611,15,32,47,1,1.0000
F12_SA22_R05.txt,1500,776,5.494,29,39,68,1,1.0000
F13_SA22_R01.txt,1500,644,2.901,11,26,37,1,1.0000
F13_SA22_R02.txt,1500,694,4.667,16,23,39,1,1.0000
F13_SA22_R03.txt,1500,825,3.686,17,24,41,1,1.0000
F13_SA22_R04.txt,1500,723,4.896,22,35,57,1,1.0000
F13_SA22_R05.txt,1500,703,4.018,9,32,41,1,1.0000
F14_SA22_R01.txt,1500,975,4.106,14,24,38,1,1.0000
F14_SA22_R02.txt,1500,700,3.298,11,43,54,1,1.0000
F14_SA22_R03.txt,1500,821,3.738,14,14,28,1,1.0000
F14_SA22_R04.txt,1500,889,3.332,13,31,44,1,1.0000
F14_SA22_R05.txt,1500,568,3.603,6,13,19,1,1.0000
F15_SA22_R01.txt,1446,617,3.245,16,26,42,1,1.0000
F15_SA22_R02.txt,1500,483,4.738,6,47,53,1,1.0000
F15_SA22_R03.txt,1500,674,3.547,22,35,57,1,1.0000
F15_SA22_R04.txt,1500,883,4.529,25,7,32,1,1.0000
F15_SA22_R05.txt,1500,594,3.813,28,13,41,1,1.0000
F01_SA23_R01.txt,1500,824,7.057,41,25,66,1,1.0000
F01_SA23_R02.txt,1500,813,6.391,14,34,48,1,1.0000
F01_SA23_R03.txt,1500,802,2.836,10,23,33,1,1.0000
F01_SA23_R04.txt,1500,798,2.846,8,44,52,1,1.0000
F01_SA23_R05.txt,1500,824,4.283,14,44,58,1,1.0000
F02_SA23_R01.txt,1500,736,5.181,18,41,59,1,1.0000
F02_SA23_R02.txt,1500,749,4.015,43,36,79,1,1.0000
F02_SA23_R03.txt,1500,719,5.704,23,36,59,1,1.0000
F02_SA23_R04.txt,1500,725,4.379,48,36,84,1,1.0000
F02_SA23_R05.txt,1500,754,4.489,26,39,65,1,1.0000
F03_SA23_R01.txt,1500,632,4.308,28,69,97,0,0.9898
F03_SA23_R02.txt,1500,670,2.157,32,70,102,0,0.9732
F03_SA23_R03.txt,1500,707,1.931,39,5,44,1,1.0000
F03_SA23_R04.txt,1500,654,2.749,23,60,83,1,1.0000
F03_SA23_R05.txt,1500,689,3.594,21,52,73,1,1.0000
F04_SA23_R01.txt,1500,827,3.236,14,62,76,1,1.0000
F04_SA23_R02.txt,1500,722,3.247,12,72,84,0,0.9904
F04_SA23_R03.txt,1500,882,4.212,37,44,81,1,1.0000
F04_SA23_R04.txt,1500,834,3.274,15,66,81,0,0.9936
F04_SA23_R05.txt,1500,796,7.277,7,48,55,1,1.0000
F05_SA23_R01.txt,1500,310,5.783,47,159,206,0,0.6433
F05_SA23_R02.txt,1500,354,5.408,9,213,222,0,0.6062
F05_SA23_R03.txt,1500,317,5.838,43,175,218,0,0.6446
F05_SA23_R04.txt,1500,324,4.668,18,186,204,0,0.5643
F05_SA23_R05.txt,1500,338,4.521,10,178,188,0,0.4404
F06_SA23_R01.txt,1500,828,5.824,30,55,85,1,1.0000
F06_SA23_R02.txt,1500,910,5.798,24,33,57,1,1.0000
F06_SA23_R03.txt,1500,928,6.478,36,61,97,1,1.0000
F06_SA23_R04.txt,1500,908,6.659,15,55,70,1,1.0000
F06_SA23_R05.txt,1500,915,6.340,14,79,93,0,0.9968
F07_SA23_R01.txt,1500,849,4.026,10,33,43,1,1.0000
F07_SA23_R02.txt,1500,837,3.890,9,40,49,1,1.0000
F07_SA23_R03.txt,1500,825,2.859,63,49,112,1,1.0000
F07_SA23_R04.txt,1500,843,2.706,56,49,105,1,1.0000
F07_SA23_R05.txt,1500,807,3.883,32,44,76,1,1.0000
F08_SA23_R01.txt,1500,583,3.749,22,16,38,1,1.0000
F08_SA23_R02.txt,1500,709,2.725,34,29,63,1,1.0000
F08_SA23_R03.txt,1500,702,2.331,47,24,71,1,1.0000
F08_SA23_R04.txt,1500,877,2.938,29,32,61,1,1.0000
F08_SA23_R05.txt,1500,685,3.205,21,13,34,1,1.0000
F09_SA23_R01.txt,1500,564,2.672,28,29,57,1,1.0000
F09_SA23_R02.txt,1500,692,3.106,31,43,74,1,1.0000
F09_SA23_R03.txt,1500,881,2.297,22,46,68,1,1.0000
F09_SA23_R04.txt,1500,773,2.841,21,45,66,1,1.0000
F09_SA23_R05.txt,1500,751,3.985,41,30,71,1,1.0000
F10_SA23_R01.txt,1500,667,2.672,20,8,28,1,1.0000
F10_SA23_R02.txt,1500,610,5.419,15,10,25,1,1.0000
F10_SA23_R03.txt,1500,634,3.222,15,33,48,1,1.0000
F10_SA23_R04.txt,1500,694,2.993,22,20,42,1,1.0000
F10_SA23_R05.txt,1500,768,2.936,18,30,48,1,1.0000
F11_SA23_R01.txt,1500,571,4.328,19,52,71,1,1.0000
F11_SA23_R02.txt,1500,617,4.868,8,36,44,1,1.0000
F11_SA23_R03.txt,1500,632,4.311,19,66,85,0,0.9953
F11_SA23_R04.txt,1500,518,2.633,12,37,49,1,1.0000
F11_SA23_R05.txt,1500,601,4.499,8,57,65,1,1.0000
F12_SA23_R01.txt,1500,526,3.058,23,44,67,1,1.0000
F12_SA23_R02.txt,1500,586,3.843,19,44,63,1,1.0000
F12_SA23_R03.txt,1500,717,3.402,19,42,61,1,1.0000
F12_SA23_R04.txt,1500,570,2.826,31,47,78,1,1.0000
F12_SA23_R05.txt,1500,621,3.489,23,49,72,1,1.0000
F13_SA23_R01.txt,1500,517,3.422,35,35,70,1,1.0000
F13_SA23_R02.txt,1500,598,2.246,25,39,64,1,1.0000
F13_SA23_R03.txt,1500,664,1.816,24,7,31,1,1.0000
F13_SA23_R04.txt,1500,664,2.288,26,33,59,1,1.0000
F13_SA23_R05.txt,1500,658,3.252,31,31,62,1,1.0000
F14_SA23_R01.txt,1500,717,2.339,19,18,37,1,1.0000
F14_SA23_R02.txt,1500,989,2.744,17,17,34,1,1.0000
F14_SA23_R03.txt,1500,863,2.908,11,19,30,1,1.0000
F14_SA23_R04.txt,1500,597,2.733,17,31,48,1,1.0000
F14_SA23_R05.txt,1500,886,2.513,15,33,48,1,1.0000
F15_SA23_R01.txt,1500,650,2.733,12,40,52,1,1.0000
F15_SA23_R02.txt,1500,631,2.578,21,23,44,1,1.0000
F15_SA23_R03.txt,1500,651,1.965,39,43,82,1,1.0000
F15_SA23_R04.txt,1500,685,2.617,29,42,71,1,1.0000
F15_SA23_R05.txt,1500,643,3.913,26,27,53,1,1.0000
F01_SE06_R01.txt,1500,1264,3.653,37,44,81,1,1.0000
F01_SE06_R02.txt,1500,991,3.865,9,13,22,1,1.0000
F01_SE06_R03.txt,1500,901,4.555,18,17,35,1,1.0000
F01_SE06_R04.txt,1500,994,3.366,26,28,54,1,1.0000
F01_SE06_R05.txt,1500,1082,3.900,28,31,59,1,1.0000
F02_SE06_R01.txt,1500,569,5.610,55,25,80,1,1.0000
F02_SE06_R02.txt,1500,688,5.099,41,31,72,1,1.0000
F02_SE06_R03.txt,1500,665,6.601,46,75,121,0,0.9971
F02_SE06_R04.txt,1500,838,8.853,6,69,75,0,0.9976
F02_SE06_R05.txt,1500,806,5.715,57,49,106,1,1.0000
F03_SE06_R01.txt,1500,721,5.343,46,16,62,1,1.0000
F03_SE06_R02.txt,1500,892,4.964,61,39,100,1,1.0000
F03_SE06_R03.txt,1500,658,6.539,54,31,85,1,1.0000
F03_SE06_R04.txt,1500,697,8.456,36,16,52,1,1.0000
F03_SE06_R05.txt,1500,631,5.117,55,30,85,1,1.0000
F04_SE06_R01.txt,1500,869,4.614,18,49,67,1,1.0000
F04_SE06_R02.txt,1500,1238,4.683,23,29,52,1,1.0000
F04_SE06_R03.txt,1500,1066,4.190,25,43,68,1,1.0000
F04_SE06_R04.txt,1500,1050,3.407,26,45,71,1,1.0000
F04_SE06_R05.txt,1500,902,4.200,23,49,72,1,1.0000
F05_SE06_R01.txt,1500,768,4.857,12,145,157,0,0.5269
F05_SE06_R02.txt,1500,761,7.404,71,60,131,0,0.9904
F05_SE06_R03.txt,1500,714,4.537,61,55,116,1,1.0000
F05_SE06_R04.txt,1500,722,5.949,77,45,122,0,0.9408
F05_SE06_R05.txt,1500,836,4.115,69,53,122,0,0.9679
F06_SE06_R01.txt,1500,1279,5.463,13,18,31,1,1.0000
F06_SE06_R02.txt,1500,1095,2.845,75,25,100,0,0.9469
F06_SE06_R03.txt,1500,1012,3.447,35,28,63,1,1.0000
F06_SE06_R04.txt,1500,940,2.184,49,27,76,1,1.0000
F06_SE06_R05.txt,1500,945,3.402,22,40,62,1,1.0000
F07_SE06_R01.txt,1500,838,5.136,24,32,56,1,1.0000
F07_SE06_R02.txt,1500,898,2.063,63,4,67,1,1.0000
F07_SE06_R03.txt,1500,951,2.031,38,18,56,1,1.0000
F07_SE06_R04.txt,1500,548,1.960,77,63,140,0,0.9276
F07_SE06_R05.txt,1500,924,2.178,26,10,36,1,1.0000
F08_SE06_R01.txt,1500,630,2.846,66,21,87,0,0.9738
F08_SE06_R02.txt,1500,567,3.023,28,89,117,0,0.8957
F08_SE06_R03.txt,1500,597,3.063,20,11,31,1,1.0000
F08_SE06_R04.txt,1500,585,2.857,20,58,78,1,1.0000
F08_SE06_R05.txt,1500,604,2.295,69,12,81,0,0.9513
F09_SE06_R01.txt,1500,448,3.810,23,10,33,1,1.0000
F09_SE06_R02.txt,1500,378,3.503,30,31,61,1,1.0000
F09_SE06_R03.txt,1500,461,1.836,80,6,86,0,0.9439
F09_SE06_R04.txt,1500,396,2.543,42,23,65,1,1.0000
F09_SE06_R05.txt,1500,515,3.371,73,7,80,0,0.9612
F10_SE06_R01.txt,1500,321,2.186,19,15,34,1,1.0000
F10_SE06_R02.txt,1500,616,2.030,23,58,81,1,1.0000
F10_SE06_R03.txt,1500,369,1.771,21,37,58,1,1.0000
F10_SE06_R04.txt,1500,382,2.336,16,15,31,1,1.0000
F10_SE06_R05.txt,1500,486,2.550,56,15,71,1,1.0000
F11_SE06_R01.txt,1500,689,4.954,34,37,71,1,1.0000
F11_SE06_R02.txt,1500,549,5.497,26,23,49,1,1.0000
F11_SE06_R03.txt,1500,678,4.096,22,29,51,1,1.0000
F11_SE06_R04.txt,1500,300,6.029,21,41,62,1,1.0000
F11_SE06_R05.txt,1500,466,5.482,21,60,81,1,1.0000
F12_SE06_R01.txt,1500,253,3.797,19,10,29,1,1.0000
F12_SE06_R02.txt,1500,676,4.316,23,12,35,1,1.0000
F12_SE06_R03.txt,1500,369,3.449,17,25,42,1,1.0000
F12_SE06_R04.txt,1500,292,3.797,29,35,64,1,1.0000
F12_SE06_R05.txt,1500,289,2.725,17,6,23,1,1.0000
F13_SE06_R01.txt,1500,615,1.783,25,28,53,1,1.0000
F13_SE06_R02.txt,1500,991,3.450,18,24,42,1,1.0000
F13_SE06_R03.txt,1500,1044,3.947,11,14,25,1,1.0000
F13_SE06_R04.txt,1500,827,1.701,25,8,33,1,1.0000
F13_SE06_R05.txt,1500,930,2.695,17,15,32,1,1.0000
F14_SE06_R01.txt,1500,234,4.274,8,12,20,1,1.0000
F14_SE06_R02.txt,1500,547,4.576,7,10,17,1,1.0000
F14_SE06_R03.txt,1500,457,7.638,9,16,25,1,1.0000
F14_SE06_R04.txt,1500,635,3.964,8,9,17,1,1.0000
F14_SE06_R05.txt,1500,424,4.351,11,14,25,1,1.0000
F15_SE06_R01.txt,1500,648,4.086,16,23,39,1,1.0000
F15_SE06_R02.txt,1500,812,3.683,15,19,34,1,1.0000
F15_SE06_R03.txt,1500,574,3.191,18,5,23,1,1.0000
F15_SE06_R04.txt,1500,825,3.577,16,14,30,1,1.0000
F15_SE06_R05.txt,1500,940,4.078,22,21,43,1,1.0000
