ADXL_X,ADXL_Y,ADXL_Z,ITG_X,ITG_Y,ITG_Z,MMA_X,MMA_Y,MMA_Z
0.0551184580797143,-0.923973564068728,0.0033305299167781,-4.917751709047682,1.2509025095752415,3.999150367632749,0.0565095068756967,-0.9455312091359668,0.0214485632875699
0.0625878167201382,-0.915092115051078,-0.0052387954917294,-5.779950721549494,-1.2694087077124825,2.4090534297062765,0.0693697054924658,-0.941964008731396,0.0044274004288326
0.0931605512658528,-0.9137417348113204,-0.0040866849700412,-7.780656112516857,-3.945459376871496,1.1270329625493332,0.0857217364785668,-0.9385538082195746,0.0083558154268563
0.1308098031698449,-0.9326180244423734,0.0068269448720472,-10.404248318069207,-5.292717826731389,-0.4092105412116634,0.1165811784328716,-0.9442228323838876,0.0151280336431429
0.1562123525604769,-0.9628540392840116,0.0074485941100979,-13.82374736994897,-6.089095026996869,-2.078626782557189,0.1473707975660424,-0.9735722047069166,0.0207807769362681
0.1861842818531905,-1.0041550378561628,0.0227495262564179,-17.652686546830573,-7.11002920500726,-4.322554318945797,0.1769845135982408,-1.0328254176322464,0.0375243263928818
0.2141686534761216,-1.0651107626050282,0.0769434524454357,-20.244290587461265,-8.775432342014334,-7.604082488242909,0.1921067011023428,-1.091094428601833,0.0905179543241241
0.2293486943610862,-1.13016782802813,0.1285470957126531,-19.957974795306814,-7.753143501848991,-10.709736622013386,0.2098768489924398,-1.1496271796480335,0.1506591480858721
0.2437363803157882,-1.205752712348364,0.1700733141536274,-17.34437428870352,-4.4255438583327305,-12.978391748228198,0.2342179788802935,-1.2261680911709014,0.1826053982508373
0.2615411221500476,-1.2602535437642,0.1755900738983453,-15.746632209075289,-3.5807518072385456,-14.501920156620075,0.2450501521155418,-1.2876824360590486,0.1903205001484897
0.2746306051289887,-1.2718112232092895,0.1684770953056097,-15.933527945624412,-3.2336794967981075,-14.95159050852564,0.2606905260277927,-1.3113932701350208,0.1776446428098765
0.2985312340850138,-1.2663678236485096,0.1534992007432414,-16.239369303026155,-0.4854026012233178,-15.015957389557688,0.2814409847966598,-1.2969229709429615,0.1631559618853243
0.3279292923941869,-1.2324276051633083,0.0939824000485838,-16.129898508296733,4.34990983115717,-14.991567617123325,0.3038614102776837,-1.2598824909871151,0.1167667603532483
0.3554222907559743,-1.18642503562186,-0.0059955748765215,-18.71146862747783,9.05693172585864,-14.2425541588413,0.3376000249864923,-1.2169736974894438,0.0138877452687391
0.3613365006560134,-1.1423607955918942,-0.1719651976817294,-28.813615189583928,12.82051481828162,-12.85409977175223,0.353723160890101,-1.1707049636873903,-0.141270534904225
0.2738479370014247,-1.1335063321310046,-0.2828413802151043,-44.19756283497996,16.027349223489043,-10.799999992871358,0.2744876506335438,-1.1679918708076868,-0.2607326064590164
0.1250553392088146,-1.2125811246034457,-0.2151793955459774,-55.42738987297479,14.20454003899213,-6.861873260714568,0.125168769182553,-1.2376456951105612,-0.2104405928587623
0.0307953197434787,-1.307836926498068,-0.1314200722420371,-51.40254261029083,8.845175080489067,-1.3854286711585222,0.0410158369842333,-1.3161859459926253,-0.1236215837537985
0.0435110552243119,-1.3361559683531543,-0.1791993388653143,-32.4358972751829,5.792601836058903,2.3759070825517226,0.0512519793936955,-1.344299024060327,-0.1630020002011886
0.1456440061352504,-1.2971185729764945,-0.3240147686244758,-14.329279991923562,7.372456987298109,4.926312016306507,0.1351215522033576,-1.319240811758761,-0.30520958892234
0.2502404178565093,-1.225048957411281,-0.4824090061561286,-7.918662933180252,14.283906825912576,8.152873690268542,0.244872623475421,-1.2606114196870433,-0.4756563436233026
0.2897159120880876,-1.1507708331740072,-0.574689539663966,-11.612009887250016,20.77897405261193,10.711531501813797,0.2941295943068716,-1.1807718112340486,-0.5733748308110628
0.2919753177845943,-1.0607914468554307,-0.6087000762796189,-17.427359436902492,23.271853365730504,13.69569934922976,0.302147711225229,-1.0796828214891834,-0.6154098480332522
0.2722040852159792,-0.9646817272690044,-0.614921303960855,-17.72925261224783,23.50915547832291,17.6913746586765,0.2810532040565408,-0.9772764769737337,-0.6228106543079834
0.2407191527712328,-0.8834429625196558,-0.5914361884444764,-12.219204775113852,24.520407051033423,21.11213083302533,0.2411154849999377,-0.8963238619896301,-0.5967806348320133
0.2315871719440799,-0.8137808798328835,-0.5817849181291778,-7.640533337053402,29.13428416995745,21.66114118128869,0.2333961777080063,-0.8322188723841251,-0.5852550933277081
0.1952383700656883,-0.7860655616844273,-0.5553699571147623,-9.388882920241564,35.15669240687368,17.954789783218633,0.1929025327946225,-0.798319104377468,-0.5367076870864618
0.1236510783159023,-0.8063690828041408,-0.4729182194911038,-12.799373934699362,40.95533289454298,13.04689022481304,0.1212552303694539,-0.8219848918961825,-0.4669516692234783
0.0660737558853266,-0.8572638969131998,-0.4191705672563001,-14.659640109252914,44.11619921518534,7.613100955484766,0.0756282114602814,-0.8786430577126851,-0.430162277201274
0.0097548032988777,-0.9256412996178028,-0.4167091107833328,-14.889614886082542,44.45243561797757,1.4630200359256305,0.0142226181414315,-0.9321345258100772,-0.4055322364919278
-0.0519776692676626,-0.9760166677987192,-0.4325470615164623,-11.035480808945715,45.87947530629836,-2.1797995655492177,-0.0472768185143203,-0.9905505798072984,-0.4209713995938337
-0.1127699386525143,-1.007034217128102,-0.4648559353355878,-9.37678641553454,45.86318509106758,-0.9653114033494582,-0.0970073060536437,-1.0408897779276751,-0.4580945900304217
-0.1353156415887798,-1.0140768508602056,-0.4659541574319744,-13.491991059745988,42.56356184294123,3.5049402529776907,-0.1241478473157457,-1.0429847857250532,-0.4557854091152687
-0.1079385046245698,-0.984250837786144,-0.4130240177192519,-16.84268823386593,38.84610330348789,7.666284314900231,-0.1021936457671138,-1.0028131500107265,-0.411690843402592
-0.0942959674780686,-0.9418357608720836,-0.3661109626681085,-16.163988543492504,36.43416295213308,12.32771316657639,-0.0880584275919197,-0.955977636832926,-0.3653010649255073
-0.0996483209132536,-0.9038314142130496,-0.3610461466208211,-14.4587299121092,33.198444412249714,17.270536434607507,-0.0889517380585376,-0.921430467684865,-0.3530724873835067
-0.0855563315149271,-0.8846528720308167,-0.3537152516470187,-17.101369845646335,25.7151796412814,20.315778938898458,-0.0740705486149057,-0.9082363965175878,-0.3460760869637614
-0.0728677714948586,-0.8757896867004837,-0.319986694144259,-22.08015442090399,16.89434222052578,22.256602809499967,-0.0622251214252854,-0.9059546886624972,-0.3179585753454685
-0.0651484224600543,-0.8638544929818215,-0.3000184485772049,-23.83841251264201,10.154269657804488,23.82221191195088,-0.0546465285939961,-0.8856226681622036,-0.2946489810474658
-0.0444583171138811,-0.8358063722209315,-0.3036180292647801,-23.310197062989875,5.688172704989305,24.83275567504693,-0.0359110222237863,-0.8478163681666173,-0.2957611767272875
-0.0394586354939292,-0.7811715108323711,-0.3157520378738891,-23.0081360183765,3.954014824603667,24.685540848273934,-0.0274420323875956,-0.8041362487835577,-0.3112873184613265
-0.0324280550198846,-0.747628431741111,-0.3192499265464187,-24.904604699204796,3.786516429738351,24.73219129048053,-0.0286455983208915,-0.7724195804177482,-0.3178692626995845
-0.0233997024763365,-0.7385284587106891,-0.3115923830899471,-29.888772056554245,3.846166638708949,25.545987142225812,-0.022422096781286,-0.7620027036054831,-0.3146085413932911
-0.0442122244132037,-0.7356934457821027,-0.3091361338524424,-35.514984536789335,3.0083408294451663,27.38430976274841,-0.0368823587630916,-0.7487920377601436,-0.3060644072801115
-0.0686424767456787,-0.7296425630191378,-0.2988723399376372,-39.25102674444352,0.5692154053249615,31.453064286760583,-0.0635780236395428,-0.7375771398080737,-0.3000645763862953
-0.1023202759022143,-0.6999253987287407,-0.2935647366760187,-41.76404725306266,-2.623418122279703,35.419337266048345,-0.090935593150511,-0.7188365817910355,-0.2926522403407366
-0.136558906944679,-0.6782211912336991,-0.2883494299169928,-42.32853975926616,-5.689835511605647,38.20710151770021,-0.1274458023832909,-0.6860797769108707,-0.2724216829970654
-0.1538658907038898,-0.655007977638121,-0.2556545405177898,-39.133952979778286,-7.57064480308515,39.6310034190564,-0.1539693979317976,-0.6631311238737999,-0.2500995475751829
-0.1644781702708614,-0.6263976401267883,-0.2164747579285714,-33.15444535906931,-7.940946928540556,39.133300325658,-0.1585560667814201,-0.6387598340071459,-0.2118798084963155
-0.1359400538610067,-0.6085922065295012,-0.1894775093856263,-24.12989927453428,-7.374653713912929,38.1461817374637,-0.131994527478512,-0.6130121092941478,-0.1832442644528104
-0.0809081172057152,-0.593667955413646,-0.1872293818263627,-14.893468468844755,-5.531366357683549,36.75823805548391,-0.0913436017688464,-0.5958886219861546,-0.190195011557661
-0.0436444242784334,-0.614624926329655,-0.1918288582250238,-9.821321804678051,-3.227804993300258,34.01206076166384,-0.0542496757384386,-0.6150073240106514,-0.1933871217569164
-0.0099829652123948,-0.6563931214704339,-0.2068468853993816,-7.17198737456688,-1.8934616529140784,29.544175906729897,-0.0153314550966253,-0.6660502866670297,-0.2005866783065056
0.035681968770011,-0.6929061928615119,-0.2231724011657341,-5.420049947918313,0.2551343581080981,23.84151091607433,0.0314151680296699,-0.7054481681124462,-0.2080632963798258
0.0778843865977717,-0.7248642952614245,-0.2016914268055944,-3.816869159944191,4.100946294594098,17.37661761529103,0.0761292018870881,-0.7389163623514211,-0.193227944899571
0.0759498236394288,-0.743442346112055,-0.1768493936519606,-1.518217533881148,8.266347346621233,11.889503613775736,0.0714552008259904,-0.7622317225052888,-0.1696106495909863
0.0459256211443789,-0.7568789434464769,-0.149401249359417,1.9270907214155095,12.497941209060423,9.498815291680655,0.0420521250475253,-0.769875643026728,-0.1339542153596357
0.0562470221215874,-0.753103035920647,-0.1640316593035804,8.26364943785846,16.595902671368922,8.954869625106287,0.0476340907520234,-0.7655649419624853,-0.1462252441322442
0.0264996160332202,-0.734494073370235,-0.2407280667815559,11.615511870398445,18.71372813590721,7.810315605778697,0.0260113756382682,-0.7541689678372014,-0.2269182775009465
-0.0705413874022602,-0.7192229940322166,-0.2740352279266828,6.10141788077962,14.449402694545578,7.3574175254694225,-0.0517636140142018,-0.7455245926504046,-0.2697997782398126
-0.1079824090145176,-0.7402938363155217,-0.2428122549165777,-3.222992269021637,4.132633084240353,10.324279361890849,-0.1023480174749544,-0.7722247308343054,-0.2368108992064088
-0.1069042214054024,-0.835915674910118,-0.1612711923257183,-11.581329922995533,-5.1154754560718025,14.740644805828715,-0.10700772753004,-0.8635336383950342,-0.1543015247640626
-0.0688727870272262,-0.969781500207182,-0.090004751357363,-17.022452982283756,-9.193415175693758,18.463802541823405,-0.074899512981059,-0.9859362584333892,-0.0874586117278531
-0.0113737734514797,-1.1112211872269588,-0.0770732723930127,-20.402462055392437,-9.113738945723718,18.32573655845961,-0.0280722338291093,-1.131053769346556,-0.0659541821556389
-0.0233007170687836,-1.2473539862688208,-0.0967257499224011,-24.019808767787783,-8.621977405224222,12.103720860591212,-0.0220175724253242,-1.2590977496765172,-0.0667166797001012
-0.0421790684149818,-1.321757700250398,-0.1333580643525134,-27.314420130930596,-10.685298672544402,3.558812973074846,-0.0393634809234219,-1.3342967455934789,-0.1096561962435657
-0.0495178182814212,-1.329986589152654,-0.1273204033487646,-28.34920123459113,-13.967785560115823,-6.35889057078975,-0.0447896093530012,-1.360154985585841,-0.1182984440604944
-0.0884435014816045,-1.280776461790912,-0.1272243241536423,-21.61651375329906,-16.91060822542055,-13.90974006404865,-0.0742814836204413,-1.2829429493006927,-0.1131293495900742
-0.2030626711967114,-1.104680761002668,-0.2607872758671407,-7.198201365434239,-21.89788500633073,-12.101564825913574,-0.1889535820885125,-1.101899351870447,-0.2561921900093271
-0.3072083487390243,-0.8694766118122681,-0.5044926660606599,3.249900080542485,-30.09490517718401,-2.971111469507333,-0.2873121223675507,-0.8956915424920093,-0.5016001353909427
-0.2934198285652845,-0.768341931907077,-0.6799443222363855,0.2596955377838483,-36.68403756658334,5.906076899803652,-0.2815038727223536,-0.7993876498678516,-0.6791708168978196
-0.2679599055915644,-0.801080765525418,-0.6909546038693256,-10.507887523411291,-39.735857968205714,10.76714001548334,-0.2563574094817347,-0.8301584623575491,-0.7000904982392044
-0.1645671908578176,-0.8616449648908673,-0.6308042070489144,-18.13030707740322,-41.72598339342434,12.24645063564599,-0.1573686531859299,-0.8750284814417798,-0.6344225532758344
-0.0167539220982943,-0.8062807212068956,-0.6060492474504537,-23.296441903334134,-37.56393352893301,6.992580227589288,-0.0123260648524816,-0.8414929316088302,-0.6129187421343509
-0.0656817362696818,-0.5930282853299252,-0.6636000544197339,-31.39083160262575,-29.89424879984235,-4.76551411394062,-0.036459997387465,-0.655430059614384,-0.6666474596764208
-0.1717962230324716,-0.470918035853337,-0.7016335493767281,-41.69295365316121,-28.68290937516814,-9.235835657775992,-0.1569813604383939,-0.4865585338949407,-0.7117468853041535
-0.2016110516591799,-0.4829264832950528,-0.7045066252440448,-44.10563309791068,-24.537652031990778,0.0626988522630535,-0.201730099400653,-0.4723071501765242,-0.7234097232696017
-0.2444732991323426,-0.5196348160827711,-0.7749392559399566,-33.81222570250503,-17.62974681917699,11.646898772787935,-0.2202875146037796,-0.5323202954431463,-0.7979181072811732
-0.2458076994366948,-0.6539307857846584,-0.8493915085418366,-20.02809467413091,-21.138770086371466,17.553889896347208,-0.21458538688387,-0.6614568427732188,-0.8783752729653276
-0.1433742816497055,-0.8491050552990262,-0.8857031721000397,-6.8886768422479125,-27.37689039627372,20.705630389561463,-0.1147012035870835,-0.8426523954315817,-0.894364983581442
0.0090255870674575,-1.0917223623599208,-0.8419890210458378,5.276103043128403,-29.76049632855486,23.66416982788696,0.0226093733015292,-1.093751197501349,-0.8674657360822444
0.0858434569725977,-1.3759098942831034,-0.7672583894908372,15.830994987739842,-28.91696963116428,25.72000531644113,0.0870595912252341,-1.3760580994021765,-0.7888113352622375
0.0174537896718592,-1.550348541808758,-0.761389515877647,25.497764327720088,-22.945525426299728,23.25746762104076,0.0299346735063107,-1.5600800910988355,-0.7518877447953107
-0.1164286518098585,-1.579023662989981,-0.7396811654439179,31.366824649190868,-15.546406262042591,10.938557891271335,-0.0973456804470557,-1.6098048746013172,-0.75800700042375
-0.2223618839233077,-1.5090861658619603,-0.7072712737378696,34.05005478856215,-6.826830026390349,-10.05662369878422,-0.203479976588274,-1.5370860319421855,-0.7186478206949338
-0.2386836700554251,-1.4329230760643212,-0.6446626656249554,35.46491812116129,5.829778520048248,-30.576134040446323,-0.2380143891876081,-1.4504870062403064,-0.644039590372723
-0.2081496840817173,-1.4205447500912367,-0.5348305159476935,36.00653762495185,19.76620772007383,-45.13485308885197,-0.213453604365862,-1.432374475938504,-0.5387648658020259
-0.1908834662898229,-1.4669199010432803,-0.4716357314127581,34.637212205114324,30.157915298743774,-52.59829606679194,-0.1810305242393427,-1.4964355480042018,-0.4505235791074878
-0.1403755876313565,-1.5836319620603203,-0.4114115711596628,29.17773263119771,33.77104091286459,-53.07642435945037,-0.1318175397166393,-1.6170551533363284,-0.3941272315586915
-0.0718960242258544,-1.665480727897508,-0.3597316363491831,24.935796569648844,32.86465435161153,-52.13566637550248,-0.0609161887853188,-1.6895830808479575,-0.3487387171674453
-0.020234544730322,-1.6523408282214596,-0.3464766961428607,26.04708695721881,32.45469270173898,-51.72160076260349,-0.0173598071951432,-1.6851110367631237,-0.3343428350202047
0.020660048015193,-1.6036673652039477,-0.3672261998274286,28.97582628489969,34.51007103048344,-51.04550382584551,0.0158849956222678,-1.6267408284450011,-0.3551447465943773
0.0706239424549513,-1.5293182586238427,-0.3960058508847819,28.539796543738102,39.19398749016016,-52.5852406201246,0.0728507711860661,-1.5632537679177976,-0.3869998482531567
0.1799513529950686,-1.450418653865111,-0.3366643327139676,23.98694515034856,45.221147556550505,-55.086909193305736,0.1680404281759787,-1.4901188664730434,-0.3404964743846354
0.3029835828659392,-1.3441431664065728,-0.2751943041210942,19.361689852286112,51.03954278183986,-55.70928079229766,0.2863077324677778,-1.3784924997290906,-0.2582247983829421
0.3953777981684383,-1.2207330354245332,-0.2529766943126987,11.987271165371016,55.55427218182484,-49.65589667841015,0.388438593249611,-1.273635516027732,-0.2231331018280062
0.4778018815533065,-1.117071406069702,-0.2178176702498979,-1.2381706738489968,54.851939641096365,-37.804229100964406,0.4648165680764528,-1.1581208265766507,-0.1966177640417713
0.4753526433259229,-1.0275213990460457,-0.1845526632649565,-17.715628687603658,52.254761006631206,-26.991869470973068,0.4556775177398406,-1.062809400231106,-0.1670123605402998
0.4122106497776668,-0.9843531044968414,-0.1179123435172453,-31.01070053089111,53.79426473331473,-17.14040145774121,0.397971186683304,-1.002901908425916,-0.1160835470321042
0.3603558886331848,-0.9384304534619148,-0.1036366120279448,-31.07759809554673,54.83537756939585,-9.224144463019837,0.3467190797957572,-0.9348616860082904,-0.1013322127637374
0.1875568407637066,-0.8366645597365323,-0.1540770153406767,-18.002729900225354,53.72111173162352,-1.3901016694007209,0.1760008327501854,-0.8326743681804862,-0.1347649520879543
-0.0725464812264405,-0.6594636988213148,-0.2028512810952945,3.1251393890418537,54.59855752936898,10.957507981307511,-0.0764890641884158,-0.6455263406398024,-0.178601852377487
-0.257652851930473,-0.3959944478623071,-0.2329919455179843,23.932373164756665,56.704667996321234,27.930884314651177,-0.2696053034508702,-0.4179119270434329,-0.2252092879190527
-0.4156757291993466,-0.1551704965233682,-0.1813164263300915,32.482800344096134,52.96410050797753,46.533969422797085,-0.4105713975981986,-0.1842275317784407,-0.1826535541721714
-0.4724308907135472,0.0398013594574043,-0.1572906468352579,28.118284089960746,39.80771655756673,59.46540511762949,-0.4514393998783861,0.0218125787218654,-0.1436831446926554
-0.3279908605367212,0.2470660223594132,-0.1918597680128997,11.14149118923771,23.28898302510681,66.35063164089618,-0.3374837354294056,0.1997014553288144,-0.1795531368674479
-0.1613016176895307,0.3659743789349637,-0.2406101372990865,-11.154376233454697,10.3473963986531,64.17895100530887,-0.1703616643990291,0.3391266657743841,-0.2376851751242233
-0.0414509370361064,0.3483538412646213,-0.3278759998061989,-28.26624554757374,4.559312845980739,50.06454684736307,-0.0330053903557682,0.3315807727008788,-0.3313792941266925
0.0324548544739298,0.2689521033852998,-0.3678262097085201,-40.968380587397725,3.298079379116002,35.724880774114524,0.0367876392230179,0.2558370705501288,-0.380387986895502
0.0473479137191339,0.1505348408294954,-0.3687788435865187,-37.35844934269592,3.3703900325187472,27.173832013934536,0.0529681631623441,0.1686179506692259,-0.3766165006278978
0.0503970498591723,0.0375800191107155,-0.3418330621352111,-14.581479839240352,5.09173998553247,18.478435490993004,0.0525171546542646,0.0573035839722613,-0.3439894633464451
-0.0661233779971332,-0.0740963731255508,-0.2917218136711986,12.463734932919705,6.926458240733723,9.804606500627782,-0.0623643279379731,-0.0472561465290927,-0.3051275866949928
-0.1440697591751285,-0.1732212563275977,-0.2795181517933818,39.32439899594166,9.098928477533793,5.095900174839912,-0.1352481798876681,-0.1623761327043119,-0.2892144403428949
-0.0817579538770088,-0.1975224807781152,-0.2282695914752973,58.25190529417447,12.25408110339422,-2.117434669962833,-0.0833147781522593,-0.20464333022592,-0.2224031298106509
-0.0150826002654648,-0.2279489795606534,-0.1143222158866832,69.42259322773485,17.77299614523579,-9.32766908115538,-0.0336054645674762,-0.2233412971070486,-0.1117406164367872
0.1401835371821478,-0.2517048967120245,-0.1037484141704542,75.98200924833863,24.601044509096013,-15.44544907849468,0.1107849543863749,-0.2728489452685911,-0.0758602818018202
0.1853789771296332,-0.1226600584600296,-0.544367276428479,66.86799666558393,36.428502596207096,-18.949883503159672,0.153457298391504,-0.153768804084651,-0.5290624096060161
0.1682352765673602,0.0543656180674947,-1.3890376264170592,32.23416812268457,64.3290186268006,-15.832764646209316,0.167330348346433,-0.0022608727206835,-1.4255479358212604
0.1841970732656868,-0.2703139590772879,-1.5980218679753824,-18.804833388949312,81.2028786178397,-32.93332352911436,0.2436188972094446,-0.3252524758170897,-1.6152665128329229
0.1398202818690266,-1.2234302384792275,-0.7720816146980294,-18.74186058308058,53.56064848811385,-61.2899455843788,0.1871399300619991,-1.1496022622276283,-0.7769949818953372
0.3968644325405571,-1.8273011203251384,-0.109783327898158,64.610423646128,19.648576202716583,-78.70848531959767,0.3684146586629938,-1.7456586579099318,-0.0943326212731929
0.6297277342141981,-1.529614488836704,-0.2793621391905728,140.94900495138697,41.29874688218744,-90.3920030050664,0.5593707164645347,-1.5715755487093896,-0.2384287134389304
0.3540016220983399,-0.942954034108315,-0.6899068186097421,149.0621400800401,111.87571931249695,-77.18108336561916,0.3242589706117031,-1.0163952351727166,-0.6703147464053851
-0.222990359886839,-0.7302238575910868,-0.8089501670248674,114.05888873962893,145.94249946826253,-61.78385630669726,-0.1525086011303801,-0.7909129445684971,-0.8053134347510573
-0.5405598546221189,-1.0416750313080043,-0.5964654885877391,59.43404156015463,97.4829474944768,-62.20884260776077,-0.4648137941459114,-1.0894041731668191,-0.6277596456410701
-0.2006219829028652,-1.530844426634426,-0.3706733040605494,10.873459644145056,34.22987894242419,-47.86774473526516,-0.1866025741514262,-1.555544863189104,-0.3860187040827599
0.0963594274310726,-1.8987989792702569,-0.3800410378819422,-7.825971493571514,7.958452231189309,-28.04865591414743,0.122220018678289,-1.914197028976412,-0.3547845863423012
0.1091151334580144,-2.0716145586093586,-0.4858372430388014,-1.6366966719668967,-5.561833256029575,-5.669197010800413,0.1326179112510358,-2.086963193886871,-0.4765467325695268
0.1748625240523533,-1.9749087730246424,-0.5544545014926487,12.768879310174915,-15.002133329394525,25.24962842331617,0.1709906735762936,-1.9928106092008016,-0.5438564593271039
0.1037566209998534,-1.816038508633244,-0.5215757214631572,19.291531274034547,-16.156260612312998,50.90602444106858,0.1214098452439045,-1.8504562588914049,-0.5211259996121521
0.0661204869902106,-1.7709090451976153,-0.4400078779725377,13.373295345204482,-27.42772341722943,69.04644855383884,0.0827533701690907,-1.8251642645108448,-0.4437211784223573
0.060741556521976,-1.7823140464517024,-0.4331156965970614,-2.1829338786026318,-39.45137975860329,77.40821886459909,0.0613480184904984,-1.8264079140119325,-0.4157836233202531
0.0310297210031236,-1.8194827341816,-0.3589248754683329,-21.14430740184676,-34.11950945380825,77.84275116188606,0.0359702256812365,-1.8619275512608249,-0.3467167620228371
0.1345058513062687,-1.7693757361605171,-0.2736779893605425,-34.1538050375962,-27.202088958723536,65.46248811830175,0.1390739702949836,-1.8065269567143272,-0.2561371648096099
0.1362206479982216,-1.6294983920391857,-0.2747501835793658,-37.28868937075433,-28.32522995057319,42.85189602063602,0.1492077655632663,-1.6458374319013558,-0.2456922819338275
0.0460084275884058,-1.480582495642163,-0.2006550547084226,-36.44216883066321,-37.05334645121474,31.198662862092025,0.062999341929949,-1.517453458633479,-0.1824221984185572
-0.0723068044332621,-1.3783392371104513,-0.1158986420369263,-41.44636339951945,-51.00341595139015,32.87384397675999,-0.0416188741532204,-1.4001897203468958,-0.1082652168658037
-0.2241493746887791,-1.3921725307370392,-0.1060869809987443,-37.98966424002842,-59.79019740443974,44.498849524621725,-0.209605700707739,-1.4077096502100863,-0.0987041355438214
-0.2743368796781179,-1.4729519166142129,-0.0962567898867908,-24.290136036923,-54.5282326000976,57.77041242060658,-0.2695832089980012,-1.4781155404160715,-0.0820126060434138
-0.297227781977267,-1.6091174162103263,-0.0635869616715391,11.19183879597295,-57.43849245863165,60.40458644102473,-0.2401100344246546,-1.5280012898221,-0.0399922064396803
-0.3133433391128019,-1.5976850847413548,-0.0661435107323084,73.86552333611836,-76.83059084703861,49.10320489398456,-0.3037693511539262,-1.6027020933339642,-0.0641446349553006
-0.2517696463249683,-1.3323466358588325,0.0155053870563095,75.00738760885577,-67.66341018404596,25.209881285118666,-0.290489619449962,-1.4452341434757197,0.0122969500318364
-0.1023335116943283,-1.0994532997764512,0.079930423541675,21.02688430757971,-53.9184901671892,4.608009694076136,-0.1080545307794374,-1.1500651780759172,0.096919436796041
0.0587826673812467,-0.8338942133041182,-0.0794274472260406,-3.628302044625553,-56.250077355869486,-8.017132546111599,0.0353229791071582,-0.8667043947790202,-0.0836159626566698
0.097049152312573,-0.4924180968235819,-0.1096071335623217,-11.350782094378577,-47.6404974513498,-17.126055917189213,0.0975387971949738,-0.4969678750685738,-0.0951153418563852
0.0700046452930109,-0.2251407755803962,-0.3354685523030413,-13.143006922440168,-56.09993548590657,-23.811870343848,0.0780382473099043,-0.2613353693940692,-0.304456363571598
-0.0177946377809726,0.1284161378004116,-0.644320986355303,-52.1151462765339,-46.97291789281527,-31.80681591136661,-0.0209782924418757,-0.0037704084162175,-0.6384011388222447
-0.1650071006060223,0.5392492493883378,-0.1654444124999252,-128.0139842054362,-32.31503708597653,-27.6010940517924,-0.1056364409111772,0.4945771846021228,-0.147214808113543
-0.1848315900889028,0.7553264353181932,0.176402984509617,-139.8620733733171,-70.85755416764417,-20.408278081189174,-0.1739890685964542,0.7943320625462671,0.1856407599094247
-0.2210589090480192,0.7004882459385112,-0.0823069476118545,-102.57176984515884,-75.95690756516753,-27.491175370528843,-0.2753156157734104,0.7126847237183657,-0.0805398236545056
-0.2960184459718242,0.4984706484886853,-0.2413803396029665,-83.55215997837762,-42.52057835988924,-28.438731228059297,-0.3167198618906975,0.5080970490803289,-0.2369816911796086
-0.1686554101212766,0.2645481261095543,-0.3406085127207322,-78.7690571552323,-33.003162723535404,-20.646546073250533,-0.1784833302133656,0.2711493347193707,-0.3483013929897596
-0.0324996718227015,0.0084545345165576,-0.3693251247197294,-64.65125697791972,-30.951755266823167,-17.979173830320285,-0.0264505981761965,0.0421352650442099,-0.3721665214022511
0.0537606262400649,-0.1705803290635168,-0.3906495703430366,-29.937744068798597,-37.16693140228386,-18.78921843294918,0.058163093714713,-0.1220113418758106,-0.3878280378576303
0.1559775288580701,-0.2962941927320405,-0.3864067853428276,8.753041558646963,-41.13047658352151,-20.499301532940724,0.1441045933281251,-0.2790581636753769,-0.3824072183618436
0.2432928548811054,-0.417144437186582,-0.2665562280280622,35.2480552540855,-37.369174440068456,-22.48721799215859,0.2248123083758175,-0.4029538264639923,-0.2704784282738209
0.3203658523116974,-0.4318950966620558,-0.2724853372345783,47.80937415851254,-29.659331968266937,-23.58932369148603,0.2926373932702903,-0.44049321085122,-0.25215749798572
0.183202990448427,-0.3606098767133853,-0.4547494513833695,44.74538452234072,-16.909841440874295,-19.258073647039755,0.1878862640338611,-0.3862996075201298,-0.4233481815065444
0.0254384692237251,-0.199857433722614,-0.788196601286077,26.886511404974677,-19.63911953509956,-9.677624786407002,0.0445161093267617,-0.220258920814572,-0.8122850851759713
-0.0445958114773389,-0.0518835776939134,-1.1643142370566868,-1.6601429499574938,-29.976416889095542,-0.1519307216903229,-0.0138689626599217,-0.0763518069680921,-1.215668418006005
-0.1096287971398146,-0.2681126071403333,-1.3225080360354955,-30.205290399920628,-42.03054107525902,14.799134583126817,-0.0672387035531281,-0.2629787139321875,-1.3640610027481792
0.0226829465000472,-0.9246675036282128,-0.8907313598529809,-24.973808266911405,-44.97104064146532,34.60377877158203,0.0231585746218951,-0.890106837851697,-0.9184468094613102
-0.1032299342828999,-1.462582473269371,-0.2280916299866838,30.56974970544488,-27.354399352024107,48.85551886633437,-0.0868581445278984,-1.4360443724856398,-0.2142634114942177
-0.5145948476664631,-1.384800616862701,-0.3464026405661988,82.156287915171,-31.57863785932494,64.90950543934512,-0.4654140041930868,-1.410397272740741,-0.2976451906944031
-0.484004573044548,-1.0978570621627717,-0.931755666631639,73.01456051285507,-55.20249069456854,79.08153987515873,-0.4853972786884002,-1.174907152894439,-0.9269826225789126
-0.107443633451498,-1.0947514742332307,-1.0307667003722936,16.293330466615714,-57.16699911534922,70.4208197798986,-0.134231546142881,-1.1530251828707765,-1.0681398396612305
0.0536064423521862,-1.2710845981966257,-0.7212894342836433,-17.326874009628465,-44.83767986845749,50.41190779885494,0.0666053163732837,-1.2598267713216995,-0.7314135130224351
-0.1199670372950924,-1.4514183708197004,-0.5307333019416293,8.976770613347409,-36.01705973511818,36.61342285178604,-0.0941141835182882,-1.4216994581277076,-0.539822017114902
-0.2729441366865152,-1.6031905109491502,-0.5976584528336395,43.26420603983036,-25.801745382701068,21.46839385163412,-0.2779821740199103,-1.635177026639428,-0.6113604163829987
-0.2599595101036615,-1.732930569695771,-0.6977091750977972,45.74017544688948,-6.997926897930245,-1.830529153719226,-0.2666791045457687,-1.7830333754956018,-0.696406517641699
-0.1661794239606026,-1.783393396367964,-0.746330248739969,29.9555558856148,5.302011530158127,-29.42616710121609,-0.1650514546124458,-1.8123640494039304,-0.7425458137657226
-0.0500448789012241,-1.8095388064626712,-0.7338569898217921,18.19760431361812,16.718794528127063,-48.269066204992434,-0.0689858825306485,-1.8338849915498217,-0.7234144502664689
-0.0429925995429965,-1.920115093545345,-0.6100552027081759,24.30739706432568,39.797107894946656,-52.99936880973075,-0.0463473261008949,-1.920649107194857,-0.612482025225052
-0.0060787822512792,-1.9658661907602333,-0.4877706834706557,38.30648344230488,49.35793335575786,-51.85389907105253,0.0133443832506842,-1.979181065442011,-0.4944644262245561
0.0989572570753703,-1.884933013008768,-0.4134396779562555,46.54776256714848,44.57776693538399,-46.65980411200117,0.1081768883318256,-1.936857288809884,-0.4078111118425729
0.0942030139873994,-1.788637286894608,-0.3285625669985562,40.85455553794008,41.2249217169372,-36.17158187842617,0.1042959846627994,-1.838930085623541,-0.3182543524812149
0.0369279887109968,-1.6494975599544224,-0.2611953691461018,20.40001094135286,40.370801248402906,-24.801303345618216,0.0451229243228784,-1.707195944678237,-0.2383918880152931
0.0145462116284679,-1.4859850085317785,-0.2722208520527563,1.0366871166939666,46.5923420978803,-19.008820012628696,0.019992619351273,-1.5391543910892769,-0.2585938945408849
0.0445485950788864,-1.4386465251259934,-0.2995095380895675,-8.894915539711269,54.42576104395976,-22.965533918457787,0.0488329458886206,-1.4545859737890598,-0.2955843610054264
0.1049225062591846,-1.4820987021153045,-0.2108280106034925,-8.784465221136657,61.15457809262208,-36.28210758007329,0.0963289837044213,-1.4878864660320423,-0.1975437301530969
0.1621625766120969,-1.4915887584960894,-0.0597918416232369,0.07099314542118,66.97741332463022,-49.91704088344488,0.1597749347189317,-1.5085572173282884,-0.0502291403649899
0.2677898732755278,-1.4153931153879364,-0.0011058709298607,6.956651401184236,67.40927339010553,-51.24731018919695,0.2651819106653465,-1.44283998051384,0.0068029742035017
0.335827684436807,-1.2286619164181247,-0.0123853134361014,8.019707335433887,66.60005119632599,-39.02154519800285,0.3242839057496406,-1.2546470275972663,0.0002670685025405
0.2931347390734014,-1.0373474775845737,-0.0673480323692291,6.690585294121476,62.02693258115265,-21.21859127302947,0.2921088335981021,-1.0666181347670205,-0.0526305890532139
0.24801605149827,-0.8865985944705324,-0.1852895378486168,0.6277779399543856,54.95241344303234,-7.65879622518703,0.2497023314297948,-0.928152738696326,-0.1685752164090603
0.0911163228158573,-0.6763230981357145,-0.1803499792932561,-9.710024676299463,52.18026658994834,3.5440500691708805,0.0964464736995813,-0.7209169691936532,-0.1691487462846196
-0.1547892955997941,-0.501684075716092,-0.0277430813379892,-14.512089489287645,49.83262432859012,22.6533495634633,-0.1443976523451597,-0.5379653294761303,-0.0303083996931465
-0.3089082424307207,-0.3597988745459908,0.0477355419010358,-7.301278694943304,48.13982670798095,42.22419514034237,-0.3064857364439632,-0.3636002227879591,0.0422101546236366
-0.4303287744075941,-0.1467789032258271,0.0230794984840465,3.9464867700012936,43.24274804658949,50.76153071427715,-0.4359927996554646,-0.13797338086631,0.0216473214270914
-0.400935240016628,0.0476512012250784,-0.0225475690318748,8.664143823273056,33.285852442237115,52.82913161814481,-0.4051032807076201,0.0367265655471354,-0.0324864216078848
-0.1587365799984815,0.2017009509791748,-0.0862343836670365,3.649760990700824,25.27270158898065,54.74689232933523,-0.1524063876200237,0.1807119845427779,-0.0915213376557873
0.0852500295052727,0.3393531244122607,-0.2073510162928243,-9.879141707644283,19.536123612468423,52.89331276650952,0.0787930288941686,0.3187673535342425,-0.2001234457113822
0.217725141369929,0.4383629175896988,-0.3834234368860298,-26.18071189231204,20.18307909843327,44.50147969122249,0.202836771573258,0.4168260936698044,-0.3768415654236615
0.2373885483292564,0.3864972155037396,-0.5096619074659696,-40.34735519858352,24.115021078708303,32.73467162773245,0.2416790738529018,0.3766106912765898,-0.5000310832773673
0.219147938530911,0.1811382614504548,-0.5255643399801234,-44.03954734545131,24.24566500292324,21.42676695120094,0.2134327984334385,0.200544850027073,-0.5217871965000362
0.2052644504563785,-0.028155617264684,-0.4920289029296862,-29.937133330787542,29.815395541793094,14.060933292297008,0.1887545076917398,0.0009735899162671,-0.4955521512658475
0.1279601834313642,-0.1902888726761166,-0.415958894062816,-4.21285034212633,41.67088850504026,8.857313360118305,0.1267377743142738,-0.1569802707602437,-0.4158160216770918
0.0101703599552299,-0.2224439177492377,-0.2933925260364889,29.09820996231466,49.49933074138068,7.764802143122064,0.0140861929423744,-0.1915883831940563,-0.2943962256422206
-0.0345175322846592,-0.1875308451134261,-0.2344444898494821,58.126474481265255,52.08935151706369,10.55692230581904,-0.0288451018385821,-0.191022393698993,-0.2228146879849747
0.0150283144498796,-0.180755884441969,-0.2195491131117471,63.99374145170034,55.57432185377002,9.01475781218667,0.0123759995980666,-0.1948225275002099,-0.1996779649680843
